date,day_of_week,shift,weekend,expected_orders,expected_sales,required_chefs,required_servers,estimated_labor_budget
2023-01-01,Sunday,Lunch,True,52,836.11,2,2.0,483.9
2023-01-01,Sunday,Dinner,True,78,1292.75,4,5.0,1370.62
2023-01-02,Monday,Lunch,False,16,368.1,1,1.0,241.95
2023-01-02,Monday,Dinner,False,37,523.36,3,3.0,990.77
2023-01-03,Tuesday,Lunch,False,16,179.84,1,1.0,241.95
2023-01-03,Tuesday,Dinner,False,38,643.14,3,3.0,990.77
2023-01-04,Wednesday,Lunch,False,26,475.76,1,1.0,241.95
2023-01-04,Wednesday,Dinner,False,53,627.69,3,3.0,990.77
2023-01-05,Thursday,Lunch,False,31,660.88,1,2.0,318.56
2023-01-05,Thursday,Dinner,False,50,887.12,3,3.0,990.77
2023-01-06,Friday,Lunch,False,39,831.37,1,2.0,318.56
2023-01-06,Friday,Dinner,False,81,1503.24,4,4.0,1255.69
2023-01-07,Saturday,Lunch,True,42,760.27,1,2.0,383.9
2023-01-07,Saturday,Dinner,True,84,1791.46,4,5.0,1370.62
2023-01-08,Sunday,Lunch,True,37,602.04,1,2.0,383.9
2023-01-08,Sunday,Dinner,True,54,951.53,3,4.0,1105.69
2023-01-09,Monday,Lunch,False,21,363.35,1,1.0,241.95
2023-01-09,Monday,Dinner,False,34,548.62,3,3.0,990.77
2023-01-10,Tuesday,Lunch,False,33,636.89,1,2.0,318.56
2023-01-10,Tuesday,Dinner,False,43,813.88,3,3.0,990.77
2023-01-11,Wednesday,Lunch,False,38,656.94,1,2.0,318.56
2023-01-11,Wednesday,Dinner,False,71,1121.97,4,4.0,1255.69
2023-01-12,Thursday,Lunch,False,39,710.47,1,2.0,318.56
2023-01-12,Thursday,Dinner,False,60,938.88,3,4.0,1105.69
2023-01-13,Friday,Lunch,False,50,805.38,2,2.0,418.56
2023-01-13,Friday,Dinner,False,65,998.15,3,4.0,1105.69
2023-01-14,Saturday,Lunch,True,61,1085.73,2,3.0,560.51
2023-01-14,Saturday,Dinner,True,101,1679.08,4,6.0,1485.54
2023-01-15,Sunday,Lunch,True,50,904.25,2,2.0,483.9
2023-01-15,Sunday,Dinner,True,56,930.1,3,5.0,1220.62
2023-01-16,Monday,Lunch,False,35,506.78,1,2.0,318.56
2023-01-16,Monday,Dinner,False,51,722.81,3,3.0,990.77
2023-01-17,Tuesday,Lunch,False,24,438.14,1,1.0,241.95
2023-01-17,Tuesday,Dinner,1,64,1252.29,3,4.0,1105.69
2023-01-18,Wednesday,Lunch,False,24,420.83,1,1.0,241.95
2023-01-18,Wednesday,Dinner,False,52,941.97,3,3.0,990.77
2023-01-19,Thursday,Lunch,False,27,376.1,1,1.0,241.95
2023-01-19,Thursday,Dinner,False,60,1041.17,3,4.0,1105.69
2023-01-20,Friday,Lunch,False,51,886.31,2,2.0,418.56
2023-01-20,Friday,Dinner,False,80,1474.77,4,4.0,1255.69
2023-01-21,Saturday,Lunch,True,39,609.1,1,2.0,383.9
2023-01-21,Saturday,Dinner,True,70,1292.23,3,5.0,1220.62
2023-01-22,Sunday,Lunch,True,18,367.35,1,1.0,307.28
2023-01-22,Sunday,Dinner,True,54,855.8,3,4.0,1105.69
2023-01-23,Monday,Lunch,False,29,517.45,1,1.0,241.95
2023-01-23,Monday,Dinner,False,57,1076.94,3,4.0,1105.69
2023-01-24,Tuesday,Lunch,False,25,428.39,1,1.0,241.95
2023-01-24,Tuesday,Dinner,False,65,870.86,3,4.0,1105.69
2023-01-25,Wednesday,Lunch,False,35,522.93,1,2.0,318.56
2023-01-25,Wednesday,Dinner,False,50,897.45,3,3.0,990.77
2023-01-26,Thursday,Lunch,False,28,577.39,1,1.0,241.95
2023-01-26,Thursday,Dinner,False,49,896.82,3,3.0,990.77
2023-01-27,Friday,Lunch,False,43,933.76,2,2.0,418.56
2023-01-27,Friday,Dinner,False,82,1527.65,4,4.0,1255.69
2023-01-28,Saturday,Lunch,True,57,1034.9,2,3.0,560.51
2023-01-28,Saturday,Dinner,True,84,1545.66,4,5.0,1370.62
2023-01-29,Sunday,Lunch,True,40,677.53,1,2.0,383.9
2023-01-29,Sunday,Dinner,True,62,1156.34,3,5.0,1220.62
2023-01-30,Monday,Lunch,False,28,503.14,1,1.0,241.95
2023-01-30,Monday,Dinner,False,41,906.12,3,3.0,990.77
2025-02-30,Tuesday,Lunch,False,30,600.31,1,1.0,241.95
2023-01-31,Tuesday,Dinner,False,44,827.52,3,3.0,990.77
2023-02-01,Wednesday,Lunch,False,34,524.38,1,2.0,318.56
2023-02-01,Wednesday,Dinner,False,84,1533.26,4,4.0,1255.69
2023-02-02,Thursday,Lunch,False,35,682.1,1,2.0,318.56
2023-02-02,Thursday,Dinner,False,67,1252.42,3,4.0,1105.69
2023-02-03,Friday,Lunch,False,41,615.62,1,2.0,318.56
2023-02-03,Friday,Dinner,False,91,1509.11,4,5.0,1370.62
2023-02-04,Saturday,Lunch,True,55,851.58,2,2.0,483.9
2023-02-04,Saturday,Dinner,True,82,1717.27,4,5.0,1370.62
2023-02-05,Sunday,Lunch,True,43,864.17,2,2.0,483.9
2023-02-05,Sunday,Dinner,True,49,916.81,3,4.0,1105.69
2023-02-06,Monday,Lunch,False,22,359.98,1,1.0,241.95
2023-02-06,Monday,Dinner,False,46,848.43,3,3.0,990.77
2023-02-07,Tuesday,Lunch,False,26,578.57,1,1.0,241.95
2023-02-07,Tuesday,Dinner,False,59,1016.68,3,4.0,1105.69
2023-02-08,Wednesday,Lunch,False,20,428.97,1,1.0,241.95
2023-02-08,Wednesday,Dinner,False,68,1280.44,3,4.0,1105.69
2023-02-09,Thursday,Lunch,False,30,639.1,1,1.0,241.95
2023-02-09,Thursday,Dinner,False,68,1202.28,3,4.0,1105.69
2023-02-10,Friday,Lunch,False,55,1127.77,2,2.0,418.56
2023-02-10,Friday,Dinner,False,83,1454.66,4,4.0,1255.69
2023-02-11,Saturday,Lunch,True,59,999.78,2,3.0,560.51
2023-02-11,Saturday,Dinner,True,71,1225.09,4,5.0,1370.62
2023-02-12,Sunday,Lunch,True,28,575.89,1,1.0,307.28
2023-02-12,Sunday,Dinner,True,63,1023.31,3,5.0,1220.62
2023-02-13,Monday,Lunch,False,27,433.96,1,1.0,241.95
2023-02-13,Monday,Dinner,False,42,798.43,3,3.0,990.77
2023-02-14,Tuesday,Lunch,False,33,547.44,1,2.0,318.56
2023-02-14,Tuesday,Dinner,False,97,1744.69,4,5.0,1370.62
2023-02-15,Wednesday,Lunch,False,41,743.68,1,2.0,318.56
2023-02-15,Wednesday,Dinner,False,76,1505.92,4,4.0,1255.69
2023-02-16,Thursday,Lunch,False,29,557.18,1,1.0,241.95
2023-02-16,Thursday,Dinner,False,66,984.2,3,4.0,1105.69
2023-02-17,Friday,Lunch,False,43,629.27,2,2.0,418.56
2023-02-17,Friday,Dinner,False,90,1412.19,4,5.0,1370.62
2023-02-18,Saturday,Lunch,True,48,719.86,2,2.0,483.9
2023-02-18,Saturday,Dinner,True,77,1651.14,4,5.0,1370.62
2023-02-19,Sunday,Lunch,True,36,635.34,1,2.0,383.9
2023-02-19,Sunday,Dinner,True,53,1048.51,3,4.0,1105.69
2023-02-20,Monday,Lunch,False,34,669.45,1,2.0,318.56
2023-02-20,Monday,Dinner,False,61,973.16,3,4.0,1105.69
2023-02-21,Tuesday,Lunch,False,28,498.14,1,1.0,241.95
2023-02-21,Tuesday,Dinner,False,46,945.65,3,3.0,990.77
2023-02-22,Wednesday,Lunch,False,42,744.51,1,2.0,318.56
2023-02-22,Wednesday,Dinner,False,48,907.25,3,3.0,990.77
2023-02-23,Thursday,Lunch,False,49,934.16,2,2.0,418.56
2023-02-23,Thursday,Dinner,False,51,795.25,3,3.0,990.77
2023-02-24,Friday,Lunch,False,41,680.71,1,2.0,318.56
2023-02-24,Friday,Dinner,False,82,1616.62,4,4.0,1255.69
2023-02-25,Saturday,Lunch,True,42,747.09,1,2.0,383.9
2023-02-25,Saturday,Dinner,True,90,2249.77,5,6.0,1635.54
2023-02-26,Sunday,Lunch,True,51,907.02,2,2.0,483.9
2023-02-26,Sunday,Dinner,True,53,828.28,3,4.0,1105.69
2023-02-27,Monday,Lunch,False,30,642.02,1,1.0,241.95
2023-02-27,Monday,Dinner,False,74,1439.19,4,4.0,1255.69
2023-02-28,Tuesday,Lunch,False,40,761.99,1,2.0,318.56
2023-02-28,Tuesday,Dinner,False,43,815.32,3,3.0,990.77
2023-03-01,Wednesday,Lunch,False,38,852.4,1,2.0,318.56
2023-03-01,Wednesday,Dinner,False,64,1140.28,3,4.0,1105.69
2023-03-02,Thursday,Lunch,False,47,888.78,2,2.0,418.56
2023-03-02,Thursday,Dinner,False,70,,3,4.0,1105.69
2023-03-03,Friday,Lunch,False,48,1000.16,2,2.0,418.56
2023-03-03,Friday,Dinner,False,92,1390.76,4,5.0,1370.62
2023-03-04,Saturday,Lunch,True,58,888.47,2,3.0,560.51
2023-03-04,Saturday,Dinner,True,148,2617.82,5,8.0,1865.38
2023-03-05,Sunday,Lunch,True,43,703.24,2,2.0,483.9
2023-03-05,Sunday,Dinner,True,56,918.26,3,5.0,1220.62
2023-03-06,Monday,Lunch,False,28,514.1,1,1.0,241.95
2023-03-06,Monday,Dinner,False,69,1226.42,3,4.0,1105.69
2023-03-07,Tuesday,Lunch,False,23,544.63,1,1.0,241.95
2023-03-07,Tuesday,Dinner,False,72,1276.06,4,4.0,1255.69
2023-03-08,Wednesday,Lunch,False,38,689.1,1,2.0,318.56
2023-03-08,Wednesday,Dinner,False,71,1116.61,4,4.0,1255.69
2023-03-09,Thursday,Lunch,False,41,662.38,1,2.0,318.56
2023-03-09,Thursday,Dinner,False,77,1592.01,4,4.0,1255.69
2023-03-10,Friday,Lunch,False,88,1374.85,4,4.0,771.79
2023-03-10,Friday,Dinner,False,161,2490.4,5,7.0,1750.46
2023-03-11,Saturday,Lunch,True,60,1036.67,2,3.0,560.51
2023-03-11,Saturday,Dinner,True,106,1983.43,5,6.0,1635.54
2023-03-12,Sunday,Lunch,True,41,620.79,1,2.0,383.9
2023-03-12,Sunday,Dinner,True,67,1329.08,3,5.0,1220.62
2023-03-13,Monday,Lunch,False,40,718.74,1,2.0,318.56
2023-03-13,Monday,Dinner,False,51,1081.08,3,3.0,990.77
2023-03-14,Tuesday,Lunch,False,29,528.61,1,1.0,241.95
2023-03-14,Tuesday,Dinner,False,42,931.93,3,3.0,990.77
2023-03-15,Wednesday,Lunch,False,26,491.7,1,1.0,241.95
2023-03-15,Wednesday,Dinner,False,76,1329.61,4,4.0,1255.69
2023-03-16,Thursday,Lunch,False,36,806.56,1,2.0,318.56
2023-03-16,Thursday,Dinner,False,56,881.41,3,4.0,1105.69
2023-03-17,Friday,Lunch,False,44,824.31,2,2.0,418.56
2023-03-17,Friday,Dinner,False,112,1941.43,5,5.0,1520.62
2023-03-18,Saturday,Lunch,True,70,1287.11,3,3.0,660.51
2023-03-18,Saturday,Dinner,True,90,1662.61,4,6.0,1485.54
2023-03-19,Sunday,Lunch,True,51,1006.83,2,2.0,483.9
2023-03-19,Sunday,Dinner,True,68,1246.18,3,5.0,1220.62
2023-03-20,Monday,Lunch,False,28,509.89,1,1.0,241.95
2023-03-20,Monday,Dinner,False,48,865.87,3,3.0,990.77
2023-03-21,Tuesday,Lunch,False,36,760.55,1,2.0,318.56
2023-03-21,Tuesday,Dinner,False,67,1152.05,3,4.0,1105.69
2023-03-22,Wednesday,Lunch,False,28,535.78,1,1.0,241.95
2023-03-22,Wednesday,Dinner,False,67,884.8,3,4.0,1105.69
2023-03-23,Thursday,Lunch,False,39,830.02,1,2.0,318.56
2023-03-23,Thursday,Dinner,False,65,1124.26,3,4.0,1105.69
2023-03-24,Friday,Lunch,False,40,742.54,1,2.0,318.56
2023-03-24,Friday,Dinner,False,84,1570.27,4,4.0,1255.69
2023-03-25,Saturday,Lunch,True,42,948.79,1,2.0,383.9
2023-03-25,Saturday,Dinner,True,90,1291.13,4,6.0,1485.54
2023-03-26,Sunday,Lunch,True,41,827.2,1,2.0,383.9
2023-03-26,Sunday,Dinner,True,90,1824.16,4,6.0,1485.54
2023-03-27,Monday,Lunch,False,26,358.72,1,1.0,241.95
2023-03-27,Monday,Dinner,False,58,1047.78,3,4.0,1105.69
2023-03-28,Tuesday,Lunch,False,25,490.49,1,1.0,241.95
2023-03-28,Tuesday,Dinner,False,51,920.05,3,3.0,990.77
2023-03-29,Wednesday,Lunch,False,33,679.9,1,2.0,318.56
2023-03-29,Wednesday,Dinner,False,47,905.19,3,3.0,990.77
2023-03-30,Thursday,Lunch,False,49,915.35,2,2.0,418.56
2023-03-30,Thursday,Dinner,False,80,1427.53,4,4.0,1255.69
2023-03-31,Friday,Lunch,False,71,1166.09,2,3.0,495.18
2023-03-31,Friday,Dinner,False,105,1648.08,4,5.0,1370.62
2023-04-01,Saturday,Lunch,True,76,1197.7,4,3.0,760.51
2023-04-01,Saturday,Dinner,True,108,1998.58,5,6.0,1635.54
2023-04-02,Sunday,Lunch,True,48,881.82,2,2.0,483.9
2023-04-02,Sunday,Dinner,True,84,1400.85,4,5.0,1370.62
2023-04-03,Monday,Lunch,False,34,700.8,1,2.0,318.56
2023-04-03,Monday,Dinner,False,68,1241.92,3,4.0,1105.69
2023-04-04,Tuesday,Lunch,False,37,660.29,1,2.0,318.56
2023-04-04,Tuesday,Dinner,False,74,1102.82,4,4.0,1255.69
2023-04-05,Wednesday,Lunch,False,36,635.19,1,2.0,318.56
2023-04-05,Wednesday,Dinner,False,81,1615.16,4,4.0,1255.69
2023-04-06,Thursday,Lunch,False,46,767.09,2,2.0,418.56
2023-04-06,Thursday,Dinner,False,104,1807.34,4,5.0,1370.62
2023-04-07,Friday,Lunch,False,71,1206.01,2,3.0,495.18
2023-04-07,Friday,Dinner,False,124,2072.15,5,6.0,1635.54
2023-04-08,Saturday,Lunch,True,65,1177.12,2,3.0,560.51
2023-04-08,Saturday,Dinner,True,120,1990.99,5,7.0,1750.46
2023-04-09,Sunday,Lunch,True,48,895.79,2,2.0,483.9
2023-04-09,Sunday,Dinner,True,71,1305.74,4,5.0,1370.62
2023-04-10,Monday,Lunch,False,25,410.36,1,1.0,241.95
2023-04-10,Monday,Dinner,False,66,1223.02,3,4.0,1105.69
2023-04-11,Tuesday,Lunch,False,28,619.84,1,1.0,241.95
2023-04-11,Tuesday,Dinner,False,66,1099.17,3,4.0,1105.69
2023-04-12,Wednesday,Lunch,False,58,1077.12,2,3.0,495.18
2023-04-12,Wednesday,Dinner,False,74,1453.99,4,4.0,1255.69
2023-04-13,Thursday,Lunch,False,32,719.63,1,2.0,318.56
2023-04-13,Thursday,Dinner,False,67,960.7,3,4.0,1105.69
2023-04-14,Friday,Lunch,False,87,1581.98,4,4.0,771.79
2023-04-14,Friday,Dinner,False,129,2005.76,5,6.0,1635.54
2023-04-15,Saturday,Lunch,True,51,832.34,2,2.0,483.9
2023-04-15,Saturday,Dinner,True,130,1937.07,5,7.0,1750.46
2023-04-16,Sunday,Lunch,True,45,728.38,2,2.0,483.9
2023-04-16,Sunday,Dinner,True,65,1145.38,3,5.0,1220.62
2023-04-17,Monday,Lunch,False,29,578.33,1,1.0,241.95
2023-04-17,Monday,Dinner,False,48,859.04,3,3.0,990.77
2023-04-18,Tuesday,Lunch,False,31,427.21,1,2.0,318.56
2023-04-18,Tuesday,Dinner,False,63,1073.23,3,4.0,1105.69
2023-04-19,Wednesday,Lunch,no,33,668.26,1,2.0,318.56
2023-04-19,Wednesday,Dinner,False,52,879.86,3,3.0,990.77
2023-04-20,Thursday,Lunch,False,56,1024.92,2,3.0,495.18
2023-04-20,Thursday,Dinner,False,97,2115.43,5,5.0,1520.62
2023-04-21,Friday,Lunch,False,44,917.61,2,2.0,418.56
2023-04-21,Friday,Dinner,False,111,1772.3,5,5.0,1520.62
2023-04-22,Saturday,Lunch,True,42,799.95,1,2.0,383.9
2023-04-22,Saturday,Dinner,True,119,2038.75,5,7.0,1750.46
2023-04-23,Sunday,Lunch,True,52,952.57,2,2.0,483.9
2023-04-23,Sunday,Dinner,True,58,1160.01,3,5.0,1220.62
2023-04-24,Monday,Lunch,False,36,641.27,1,2.0,318.56
2023-04-24,Monday,Dinner,False,77,1290.47,4,4.0,1255.69
2023-04-25,Tuesday,Lunch,False,29,451.35,1,1.0,241.95
2023-04-25,Tuesday,Dinner,False,60,1248.49,3,4.0,1105.69
2023-04-26,Wednesday,Lunch,False,43,676.87,2,2.0,418.56
2023-04-26,Wednesday,Dinner,False,68,1225.31,3,,1105.69
2023-04-27,Thursday,Lunch,False,45,1017.67,2,2.0,418.56
2023-04-27,Thursday,Dinner,False,67,1347.51,3,4.0,1105.69
2023-04-28,Friday,Lunch,False,76,1408.0,4,,695.18
2023-04-28,Friday,Dinner,False,100,1867.99,4,5.0,1370.62
2023-04-29,Saturday,Lunch,True,72,1288.03,3,3.0,660.51
2023-04-29,Saturday,Dinner,True,83,1730.56,4,5.0,1370.62
2023-04-30,Sunday,Lunch,True,42,699.23,1,2.0,383.9
2023-04-30,Sunday,Dinner,True,66,1132.31,3,5.0,1220.62
2023-05-01,Monday,Lunch,False,17,260.14,1,1.0,241.95
2023-05-01,Monday,Dinner,False,50,932.84,3,3.0,990.77
2023-05-02,Tuesday,Lunch,False,27,544.57,1,1.0,241.95
2023-05-02,Tuesday,Dinner,False,63,1221.89,3,4.0,1105.69
2023-05-03,Wednesday,Lunch,False,65,870.39,2,3.0,495.18
2023-05-03,Wednesday,Dinner,False,66,1226.69,3,4.0,1105.69
2023-05-04,Thursday,Lunch,False,60,1276.29,2,3.0,495.18
2023-05-04,Thursday,Dinner,False,97,1769.64,4,5.0,1370.62
2023-05-05,Friday,Lunch,False,63,1076.01,2,3.0,495.18
2023-05-05,Friday,Dinner,False,128,2068.11,5,6.0,1635.54
2023-05-06,Saturday,Lunch,True,75,1333.95,3,3.0,660.51
2023-05-06,Saturday,Dinner,True,135,2477.94,5,7.0,1750.46
2023-05-07,Sunday,Lunch,True,-10,1009.94,2,2.0,483.9
2023-05-07,Sunday,Dinner,True,104,1453.22,4,6.0,1485.54
2023-05-08,Monday,DINNER,False,-1,611.53,2,2.0,418.56
2023-05-08,Monday,Dinner,False,85,1625.9,4,4.0,1255.69
2023-05-09,Tuesday,Lunch,False,34,514.07,1,2.0,318.56
2023-05-09,Tuesday,Dinner,False,67,1399.34,3,4.0,1105.69
2023-05-10,Wednesday,Lunch,False,48,895.12,2,2.0,418.56
2023-05-10,Wednesday,Dinner,False,86,1726.38,4,,1370.62
2023-05-11,Thursday,Lunch,False,38,594.84,1,2.0,318.56
2023-05-11,Thursday,Dinner,False,90,1344.89,4,5.0,1370.62
2023-05-12,Friday,Lunch,False,46,730.9,2,2.0,418.56
2023-05-12,Friday,Dinner,False,108,1796.31,5,5.0,1520.62
2023-05-13,Saturday,Lunch,True,36,832.65,1,2.0,383.9
2023-05-13,Saturday,Dinner,True,73,1504.23,4,5.0,1370.62
2023-05-14,Sunday,Lunch,True,54,1088.84,2,2.0,483.9
2023-05-14,Sunday,Dinner,True,110,1665.79,5,6.0,1635.54
2023-05-15,Monday,Lunch,False,29,504.41,1,1.0,241.95
2023-05-15,Monday,Dinner,False,66,962.94,3,4.0,1105.69
2023-05-16,Tuesday,Lunch,False,30,518.46,1,1.0,241.95
2023-05-16,Tuesday,Dinner,False,75,1233.79,4,4.0,1255.69
2023-05-17,Wednesday,Lunch,False,50,803.3,2,2.0,418.56
2023-05-17,Wednesday,Dinner,False,100,1538.59,4,5.0,1370.62
2023-05-18,Thursday,Lunch,False,46,916.54,2,2.0,418.56
2023-05-18,Thursday,Dinner,False,72,1205.73,4,4.0,1255.69
2023-05-19,Friday,Lunch,False,42,0.0,1,2.0,318.56
2023-05-19,Friday,Dinner,False,116,1833.85,5,6.0,1635.54
2023-05-20,Saturday,Lunch,True,86,1556.1,4,4.0,837.13
2023-05-20,Saturday,Dinner,True,160,2768.42,5,8.0,1865.38
2023-05-21,Sunday,Lunch,True,59,1090.18,2,3.0,560.51
2023-05-21,Sunday,Dinner,True,66,1112.55,3,5.0,1220.62
2023-05-22,Monday,Lunch,False,28,406.21,1,1.0,241.95
2023-05-22,Monday,Dinner,False,50,1069.95,3,3.0,990.77
2023-05-23,Tuesday,Lunch,False,33,651.31,1,2.0,318.56
2023-05-23,Tuesday,Dinner,False,76,1370.36,4,4.0,1255.69
2023-05-24,Wednesday,Lunch,False,49,759.54,2,2.0,418.56
2023-05-24,Wednesday,Dinner,False,89,1741.08,4,5.0,1370.62
2023-05-25,Thursday,Lunch,False,61,1031.69,2,3.0,495.18
2023-05-25,Thursday,Dinner,False,79,1577.67,4,4.0,1255.69
2023-05-26,Friday,Lunch,False,73,1186.7,3,3.0,595.18
2023-05-26,Friday,Dinner,False,133,2077.91,5,6.0,1635.54
2023-05-27,Saturday,Lunch,True,54,1189.62,2,2.0,483.9
2023-05-27,Saturday,Dinner,True,132,2178.88,5,7.0,1750.46
2023-05-28,Sunday,Lunch,True,57,1126.57,2,3.0,560.51
2023-05-28,Sunday,Dinner,True,98,1752.27,4,6.0,1485.54
2023-05-29,Monday,Lunch,False,47,984.35,2,2.0,418.56
2023-05-29,Monday,Dinner,False,76,1321.18,4,4.0,1255.69
2023-05-30,Tuesday,Lunch,False,35,807.88,1,2.0,318.56
2023-05-30,Tuesday,Dinner,False,61,,3,4.0,1105.69
2023-05-31,Wednesday,Lunch,False,22,335.1,1,1.0,241.95
2023-05-31,Wednesday,Dinner,False,74,1176.65,4,4.0,1255.69
2023-06-01,Thursday,Lunch,False,51,1022.39,2,2.0,418.56
2023-06-01,Thursday,Dinner,False,104,1899.79,5,5.0,1520.62
2023-06-02,Friday,Lunch,False,75,1725.98,3,3.0,595.18
2023-06-02,Friday,Dinner,False,141,2219.03,5,6.0,1635.54
2023-06-03,Saturday,Lunch,True,65,1248.25,2,3.0,560.51
2023-06-03,Saturday,Dinner,True,140,2515.81,5,7.0,1750.46
2023-06-04,Sunday,Lunch,True,47,933.69,2,2.0,483.9
2023-06-04,Sunday,Dinner,True,68,995.94,3,5.0,1220.62
2023-06-05,Monday,Lunch,False,30,659.4,1,1.0,241.95
2023-06-05,Monday,Dinner,False,87,1716.59,4,5.0,1370.62
2023-06-06,Tuesday,Lunch,False,63,1053.2,2,3.0,495.18
2023-06-06,Tuesday,Dinner,False,84,1542.86,4,4.0,1255.69
2023-06-07,Wednesday,Lunch,False,54,1027.45,2,2.0,418.56
2023-06-07,Wednesday,Dinner,False,72,1348.44,4,4.0,1255.69
2023-06-08,Thursday,Lunch,False,43,748.15,2,2.0,418.56
2023-06-08,Thursday,Dinner,False,77,1661.92,4,4.0,1255.69
2023-06-09,Friday,Lunch,False,78,1477.11,4,3.0,695.18
2023-06-09,Friday,Dinner,False,122,2078.04,5,6.0,1635.54
2023-06-10,Saturday,Lunch,True,89,1532.26,4,4.0,837.13
2023-06-10,Saturday,Dinner,True,118,2176.16,5,7.0,1750.46
2023-06-11,Sunday,Lunch,True,68,1114.41,2,3.0,560.51
2023-06-11,Sunday,Dinner,True,110,1876.62,5,6.0,1635.54
2023-06-12,Monday,Lunch,False,33,581.69,1,2.0,318.56
2023-06-12,Monday,Dinner,False,59,936.81,3,4.0,1105.69
2023-06-13,Tuesday,Lunch,False,35,662.52,1,2.0,318.56
2023-06-13,Tuesday,Dinner,False,49,921.34,3,3.0,990.77
2023-06-14,Wednesday,Lunch,False,65,1064.92,2,3.0,495.18
2023-06-14,Wednesday,Dinner,False,101,1721.95,4,5.0,1370.62
2023-06-15,Thursday,Lunch,False,69,1178.3,3,3.0,595.18
2023-06-15,Thursday,Dinner,False,116,2433.68,5,6.0,1635.54
2023-06-16,Friday,Lunch,False,83,1355.53,4,3.0,695.18
2023-06-16,Friday,Dinner,False,116,2003.28,5,6.0,1635.54
2023-06-17,Saturday,Lunch,True,69,1484.93,3,3.0,660.51
2023-06-17,Saturday,Dinner,True,142,2558.36,5,7.0,1750.46
2023-06-18,Sunday,Lunch,True,62,1176.2,2,3.0,560.51
2023-06-18,Sunday,Dinner,True,97,2002.92,4,6.0,1485.54
2023-06-19,Monday,Lunch,False,33,530.44,1,2.0,318.56
2023-06-19,Monday,Dinner,False,87,1362.3,4,5.0,1370.62
2023-06-20,Tuesday,Lunch,False,38,777.49,1,2.0,318.56
2023-06-20,Tuesday,Dinner,False,69,1137.96,3,4.0,1105.69
2023-06-21,Wednesday,Lunch,False,45,681.06,2,2.0,418.56
2023-06-21,Wednesday,Dinner,False,92,1566.57,4,5.0,1370.62
2023-06-22,Thursday,Lunch,False,56,1141.24,2,3.0,495.18
2023-06-22,Thursday,Dinner,False,111,2236.43,5,5.0,1520.62
2023-06-23,Friday,Lunch,False,87,1462.16,4,4.0,771.79
2023-06-23,Friday,Dinner,False,123,2045.37,5,6.0,1635.54
2023-06-24,Saturday,Lunch,True,101,1508.08,4,4.0,837.13
2023-06-24,Saturday,Dinner,True,181,3142.52,5,8.0,1865.38
2023-06-25,Sunday,Lunch,True,45,964.12,2,2.0,483.9
2023-06-25,Sunday,Dinner,True,54,1119.84,3,4.0,1105.69
2023-06-26,Monday,Lunch,False,38,740.39,1,2.0,318.56
2023-06-26,Monday,Dinner,False,70,1387.49,3,4.0,1105.69
2023-06-27,Tuesday,Lunch,False,39,608.3,1,2.0,318.56
2023-06-27,Tuesday,Dinner,False,83,1426.38,4,4.0,1255.69
2023-06-28,Wednesday,Lunch,False,37,632.84,1,2.0,318.56
2023-06-28,Wednesday,Dinner,False,86,1381.26,4,5.0,1370.62
2023-06-29,Thursday,Lunch,False,37,755.17,1,2.0,318.56
2023-06-29,Thursday,Dinner,False,99,1573.83,4,5.0,1370.62
2023-06-30,Friday,Lunch,False,85,1518.87,4,3.0,695.18
2023-06-30,Friday,Dinner,False,150,2123.69,5,7.0,1750.46
2023-07-01,Saturday,Lunch,True,82,1894.26,4,3.0,760.51
2023-07-01,Saturday,Dinner,True,185,3699.53,5,8.0,1865.38
2023-07-02,Sunday,Lunch,True,49,803.44,2,2.0,483.9
2023-07-02,Sunday,Dinner,True,115,2340.73,5,6.0,1635.54
2023-07-03,Monday,Lunch,False,54,881.83,2,2.0,418.56
2023-07-03,Monday,Dinner,False,96,1654.73,4,5.0,1370.62
2023-07-04,Tuesday,Lunch,False,48,897.11,2,2.0,418.56
2023-07-04,Tuesday,Dinner,False,98,1693.31,4,5.0,1370.62
2023-07-05,Wednesday,Lunch,False,44,907.77,2,2.0,418.56
2023-07-05,Wednesday,Dinner,False,92,1747.74,4,5.0,1370.62
2023-07-06,Thursday,Lunch,False,46,884.67,2,2.0,418.56
2023-07-06,Thursday,Dinner,False,85,1499.04,4,4.0,1255.69
2023-07-07,Friday,Lunch,False,78,1482.47,4,3.0,695.18
2023-07-07,Friday,Dinner,False,138,2138.17,5,6.0,1635.54
2023-07-08,Saturday,Lunch,True,115,2306.0,4,4.0,837.13
2023-07-08,Saturday,Dinner,True,161,2931.19,5,8.0,1865.38
2023-07-09,Sunday,Lunch,True,52,892.81,2,2.0,483.9
2023-07-09,Sunday,Dinner,True,111,1613.43,5,6.0,1635.54
2023-07-10,Monday,Lunch,False,58,935.7,2,3.0,495.18
2023-07-10,Monday,Dinner,False,81,1594.59,4,4.0,1255.69
2023-07-11,Tuesday,Lunch,False,36,777.56,1,2.0,318.56
2023-07-11,Tuesday,Dinner,False,84,1409.81,4,4.0,1255.69
2023-07-12,Wednesday,Lunch,1,9999,1050.36,2,2.0,418.56
2023-07-12,Wednesday,Dinner,False,75,1152.41,4,4.0,1255.69
2023-07-13,Thursday,Lunch,False,44,902.1,2,2.0,418.56
2023-07-13,Thursday,Dinner,False,73,1527.41,4,4.0,1255.69
2023-07-14,Friday,Lunch,False,79,1445.41,4,3.0,695.18
2023-07-14,Friday,Dinner,False,156,2793.97,5,7.0,1750.46
2023-07-15,Saturday,Lunch,True,112,2213.68,4,4.0,837.13
2023-07-15,Saturday,Dinner,True,173,3146.1,5,8.0,1865.38
2023-07-16,Sunday,Lunch,True,52,937.55,2,2.0,483.9
2023-07-16,Sunday,Dinner,True,95,1622.23,4,6.0,1485.54
2023-07-17,Monday,Lunch,False,35,566.75,1,2.0,318.56
2023-07-17,Monday,Dinner,False,57,956.54,3,4.0,1105.69
2023-07-18,Tuesday,Lunch,False,42,767.31,1,2.0,318.56
2023-07-18,Tuesday,Dinner,False,76,1093.69,4,4.0,1255.69
2023-07-19,Wednesday,Lunch,False,43,738.63,2,2.0,418.56
2023-07-19,Wednesday,Dinner,False,83,1378.21,4,4.0,1255.69
2023-07-20,Thursday,Lunch,False,54,1043.51,2,2.0,418.56
2023-07-20,Thursday,Dinner,False,113,2031.51,5,5.0,1520.62
2023-07-21,Friday,Lunch,False,71,,3,3.0,595.18
2023-07-21,Friday,Dinner,False,116,1972.86,5,6.0,1635.54
2023-07-22,Saturday,Lunch,True,95,1947.97,4,4.0,837.13
2023-07-22,Saturday,Dinner,True,121,2098.31,5,7.0,1750.46
2023-07-23,Sunday,Lunch,True,57,1043.62,2,3.0,560.51
2023-07-23,Sunday,Dinner,True,90,1653.18,4,6.0,1485.54
2023-07-24,Monday,Lunch,False,43,968.06,2,2.0,418.56
2023-07-24,Monday,Dinner,False,62,1174.61,3,4.0,1105.69
2023-07-25,Tuesday,Lunch,False,40,597.03,1,2.0,318.56
2023-07-25,Tuesday,Dinner,False,95,1684.89,4,5.0,1370.62
2023-07-26,Wednesday,Lunch,False,58,1266.35,2,3.0,495.18
2023-07-26,Wednesday,Dinner,False,96,1680.14,4,5.0,1370.62
2023-07-27,Thursday,Lunch,False,55,913.34,2,2.0,418.56
2023-07-27,Thursday,Dinner,False,116,1960.96,5,6.0,1635.54
2023-07-28,Friday,Lunch,False,82,1542.77,4,3.0,695.18
2023-07-28,Friday,Dinner,False,129,2198.24,5,6.0,1635.54
2023-07-29,Saturday,Lunch,True,73,1030.76,2,3.0,560.51
2023-07-29,Saturday,Dinner,True,111,2146.67,5,6.0,1635.54
2023-07-30,Sunday,Lunch,True,78,1534.8,4,3.0,760.51
2023-07-30,Sunday,Dinner,True,91,1446.29,4,6.0,1485.54
2023-07-31,Monday,Lunch,False,38,652.2,1,2.0,318.56
2023-07-31,Monday,Dinner,False,81,1653.39,4,4.0,1255.69
2023-08-01,Tuesday,Lunch,False,43,724.27,2,2.0,418.56
2023-08-01,Tuesday,Dinner,False,82,1658.82,4,4.0,1255.69
2023-08-02,Wednesday,Lunch,False,34,643.66,1,2.0,318.56
2023-08-02,Wednesday,Dinner,False,75,1695.22,4,4.0,1255.69
2023-08-03,Thursday,Lunch,False,39,699.9,1,2.0,318.56
2023-08-03,Thursday,Dinner,False,72,1111.88,4,4.0,1255.69
2023-08-04,Friday,Lunch,False,73,981.19,2,3.0,495.18
2023-08-04,Friday,Dinner,False,103,1729.11,5,5.0,1520.62
2023-08-05,Saturday,Lunch,True,54,1129.8,2,2.0,483.9
2023-08-05,Saturday,Dinner,True,141,2529.95,5,7.0,1750.46
2023-08-06,Sunday,Lunch,True,52,1013.01,2,2.0,483.9
2023-08-06,Sunday,Dinner,True,93,1572.57,4,6.0,1485.54
2023-08-07,Monday,Lunch,False,40,685.6,1,2.0,318.56
2023-08-07,Monday,Dinner,False,51,947.99,3,3.0,990.77
2023-08-08,Tuesday,Lunch,False,23,382.79,1,1.0,241.95
2023-08-08,Tuesday,Dinner,False,56,1169.51,3,,1105.69
2023-08-09,Wednesday,Lunch,False,48,800.28,2,2.0,418.56
2023-08-09,Wednesday,Dinner,False,78,1614.25,4,4.0,1255.69
2023-08-10,Thursday,Lunch,False,58,952.76,2,3.0,495.18
2023-08-10,Thursday,Dinner,False,108,1990.45,5,5.0,1520.62
2023-08-11,Friday,Lunch,False,76,1462.95,4,3.0,695.18
2023-08-11,Friday,Dinner,False,135,2498.04,5,6.0,1635.54
2023-08-12,Saturday,Lunch,True,79,1377.22,4,3.0,760.51
2023-08-12,Saturday,Dinner,True,133,2578.09,5,7.0,1750.46
2023-08-13,Sunday,Lunch,True,55,1183.9,2,2.0,483.9
2023-08-13,Sunday,Dinner,True,112,2055.14,5,6.0,1635.54
2023-08-14,Monday,Lunch,False,30,409.98,1,1.0,241.95
2023-08-14,Monday,Dinner,False,57,901.58,3,4.0,1105.69
2023-08-15,Tuesday,Lunch,False,37,635.87,1,2.0,318.56
2023-08-15,Tuesday,Dinner,False,49,1029.18,3,3.0,990.77
2023-08-16,Wednesday,Lunch,False,51,899.52,2,2.0,418.56
2023-08-16,Wednesday,Dinner,False,62,873.82,3,4.0,1105.69
2023-08-17,Thursday,Lunch,False,38,722.27,1,2.0,318.56
2023-08-17,Thursday,Dinner,False,95,,4,5.0,1370.62
2023-08-18,Friday,Lunch,False,71,1358.43,3,3.0,595.18
2023-08-18,Friday,Dinner,False,153,3156.91,5,7.0,1750.46
2023-08-19,Saturday,Lunch,True,66,1215.15,2,3.0,560.51
2023-08-19,Saturday,Dinner,True,120,2254.84,5,7.0,1750.46
2023-08-20,Sunday,Lunch,True,50,821.28,2,2.0,483.9
2023-08-20,Sunday,Dinner,True,98,1802.23,4,6.0,1485.54
2023-08-21,Monday,Lunch,False,37,616.45,1,2.0,318.56
2023-08-21,Monday,Dinner,False,77,1510.12,4,4.0,1255.69
2023-08-22,Tuesday,Lunch,False,40,866.32,1,2.0,318.56
2023-08-22,Tuesday,Dinner,False,47,995.2,3,3.0,990.77
2023-08-23,Wednesday,Lunch,False,45,781.0,2,2.0,418.56
2023-08-23,Wednesday,Dinner,False,102,1941.43,5,5.0,1520.62
2023-08-24,Thursday,Lunch,False,48,994.95,2,2.0,418.56
2023-08-24,Thursday,Dinner,False,87,1833.74,4,5.0,1370.62
2023-08-25,Friday,Lunch,False,85,1654.82,4,3.0,695.18
2023-08-25,Friday,Dinner,False,133,2419.74,5,6.0,1635.54
2023-08-26,Saturday,Lunch,True,86,1791.58,4,4.0,837.13
2023-08-26,Saturday,Dinner,True,189,3249.09,5,8.0,1865.38
2023-08-27,Sunday,Lunch,True,56,920.95,2,3.0,560.51
2023-08-27,Sunday,Dinner,True,88,1782.72,4,6.0,1485.54
2023-08-28,Monday,Lunch,False,35,747.87,1,2.0,318.56
2023-08-28,Monday,Dinner,False,82,1441.42,4,4.0,1255.69
2023-08-29,Tuesday,Lunch,False,33,494.64,1,2.0,318.56
2023-08-29,Tuesday,Dinner,False,57,1102.91,3,4.0,1105.69
2023-08-30,Wednesday,Lunch,False,32,765.44,1,2.0,318.56
2023-08-30,Wednesday,Dinner,False,77,1452.87,4,4.0,1255.69
2023-08-31,Thursday,Lunch,False,61,1141.06,2,3.0,495.18
2023-08-31,Thursday,Dinner,False,75,1224.12,4,4.0,1255.69
2023-09-01,Friday,Lunch,False,64,1318.57,2,3.0,495.18
2023-09-01,Friday,Dinner,False,102,1703.7,4,5.0,1370.62
2023-09-02,Saturday,Lunch,True,47,990.6,2,2.0,483.9
2023-09-02,Saturday,Dinner,True,107,2131.83,5,6.0,1635.54
2023-09-03,Sunday,Lunch,True,44,702.48,2,2.0,483.9
2023-09-03,Sunday,Dinner,True,72,1331.69,4,5.0,1370.62
2023-09-04,Monday,Lunch,False,35,576.46,1,2.0,318.56
2023-09-04,Monday,Dinner,False,63,1422.17,3,4.0,1105.69
2023-09-05,Tuesday,Lunch,False,52,912.63,2,2.0,418.56
2023-09-05,Tuesday,Dinner,False,85,1435.79,4,4.0,1255.69
2023-09-06,Wednesday,Lunch,False,46,725.93,2,2.0,418.56
2023-09-06,Wednesday,Dinner,False,79,1380.11,4,4.0,1255.69
2023-09-07,Thursday,Lunch,False,45,798.24,2,2.0,418.56
2023-09-07,Thursday,Dinner,False,75,1407.02,4,4.0,1255.69
2023-09-08,Friday,Lunch,False,52,1105.82,2,2.0,418.56
2023-09-08,Friday,Dinner,False,94,1601.55,4,5.0,1370.62
2023-09-09,Saturday,Lunch,True,68,1432.35,3,3.0,660.51
2023-09-09,Saturday,Dinner,True,134,2659.04,5,7.0,1750.46
2023-09-10,Sunday,Lunch,yes,34,636.67,1,2.0,383.9
2023-09-10,Sunday,Dinner,True,71,1423.95,4,5.0,1370.62
2023-09-11,Monday,Lunch,False,27,648.16,1,1.0,241.95
2023-09-11,Monday,Dinner,False,46,831.98,3,3.0,990.77
2023-09-12,Tuesday,Lunch,False,31,641.06,1,2.0,318.56
2023-09-12,Tuesday,Dinner,False,77,1354.19,4,4.0,1255.69
2023-09-13,Wednesday,Lunch,False,29,424.27,1,1.0,241.95
2023-09-13,Wednesday,Dinner,False,69,1421.11,3,4.0,1105.69
2023-09-14,Thursday,Lunch,False,50,813.7,2,2.0,418.56
2023-09-14,Thursday,Dinner,False,72,1281.07,4,4.0,1255.69
2023-09-15,Friday,Lunch,False,58,1212.95,2,3.0,495.18
2023-09-15,Friday,Dinner,False,129,2229.9,5,6.0,1635.54
2023-09-16,Saturday,Lunch,True,56,1030.64,2,3.0,560.51
2023-09-16,Saturday,Dinner,True,91,1745.19,4,6.0,1485.54
2023-09-17,Sunday,Lunch,True,42,668.46,1,2.0,383.9
2023-09-17,Sunday,Dinner,True,65,1107.56,3,5.0,1220.62
2023-09-18,Monday,Lunch,False,43,864.38,2,2.0,418.56
2023-09-18,Monday,Dinner,False,57,1021.19,3,4.0,1105.69
2023-09-19,Tuesday,Lunch,False,50,1285.01,2,2.0,418.56
2023-09-19,Tuesday,Dinner,False,68,1255.66,3,4.0,1105.69
2023-09-20,Wednesday,Lunch,yes,40,642.67,1,2.0,318.56
2023-09-20,Wednesday,Dinner,False,62,916.11,3,4.0,1105.69
2023-09-21,Thursday,Lunch,False,69,1100.82,2,3.0,495.18
2023-09-21,Thursday,Dinner,False,120,2484.21,5,6.0,1635.54
2023-09-22,Friday,Lunch,False,54,1022.45,2,2.0,418.56
2023-09-22,Friday,Dinner,True,80,1594.13,4,4.0,1255.69
2023-09-23,Saturday,Lunch,True,80,1352.76,4,3.0,760.51
2023-09-23,Saturday,Dinner,True,113,2157.04,5,6.0,1635.54
2023-09-24,Sunday,Lunch,True,53,1186.83,2,2.0,483.9
2023-09-24,Sunday,Dinner,True,86,1634.62,4,6.0,1485.54
2023-09-25,Monday,Lunch,False,36,646.94,1,2.0,318.56
2023-09-25,Monday,Dinner,False,67,988.01,3,4.0,1105.69
2023-09-26,Tuesday,dinner,False,42,786.25,1,2.0,318.56
2023-09-26,Tuesday,Dinner,False,82,1627.03,4,4.0,1255.69
2023-09-27,Wednesday,Lunch,False,38,871.3,1,2.0,318.56
2023-09-27,Wednesday,Dinner,False,85,1581.28,4,4.0,1255.69
2023-09-28,Thursday,Lunch,False,39,932.85,1,2.0,318.56
2023-09-28,Thursday,Dinner,False,80,1403.74,4,4.0,1255.69
2023-09-29,Friday,Lunch,False,61,1007.74,2,3.0,495.18
2023-09-29,Friday,Dinner,False,139,2534.46,5,6.0,1635.54
2023-09-30,Saturday,Lunch,True,60,,2,3.0,560.51
2023-09-30,Saturday,Dinner,True,122,2393.59,5,7.0,1750.46
2023-10-01,Sunday,Lunch,True,52,797.56,2,2.0,483.9
2023-10-01,Sunday,Dinner,True,74,1405.3,4,5.0,1370.62
2023-10-02,Monday,Lunch,False,24,546.79,1,1.0,241.95
2023-10-02,Monday,Dinner,False,67,1065.5,3,4.0,1105.69
2023-10-03,Tuesday,Lunch,False,42,720.45,1,2.0,318.56
2023-10-03,Tuesday,Dinner,False,89,1826.63,4,5.0,1370.62
2023-10-04,Wednesday,Lunch,False,47,971.53,2,2.0,418.56
2023-10-04,Wednesday,Dinner,False,66,1377.42,3,4.0,1105.69
2023-10-05,Thursday,Lunch,False,34,512.0,1,2.0,318.56
2023-10-05,Thursday,Dinner,False,61,1346.74,3,4.0,1105.69
2023-10-06,Friday,Lunch,False,47,913.98,2,2.0,418.56
2023-10-06,Friday,Dinner,False,91,1504.93,4,5.0,1370.62
2023-10-07,Saturday,Lunch,True,59,969.55,2,3.0,560.51
2023-10-07,Saturday,Dinner,True,117,1850.0,5,7.0,1750.46
2023-10-08,Sunday,Lunch,True,53,834.97,2,2.0,483.9
2023-10-08,Sunday,Dinner,True,92,1378.8,4,6.0,1485.54
2023-10-09,Monday,Lunch,False,19,423.07,1,1.0,241.95
2023-10-09,Monday,Dinner,False,52,1173.12,3,3.0,990.77
2023-10-10,Tuesday,Lunch,False,37,570.29,1,2.0,318.56
2023-10-10,Tuesday,Dinner,False,74,1289.68,4,4.0,1255.69
2023-10-11,Wednesday,Lunch,False,38,689.99,1,2.0,318.56
2023-10-11,Wednesday,Dinner,False,78,1638.58,4,4.0,1255.69
2023-10-12,Thursday,Lunch,False,44,855.16,2,2.0,418.56
2023-10-12,Thursday,Dinner,False,72,1391.36,4,4.0,1255.69
2023-10-13,Friday,Lunch,False,51,1100.4,2,2.0,418.56
2023-10-13,Friday,Dinner,False,126,2526.14,5,6.0,1635.54
2023-10-14,Saturday,Lunch,True,56,1095.48,2,3.0,560.51
2023-10-14,Saturday,Dinner,True,107,1921.06,5,6.0,1635.54
2023-10-15,Sunday,Lunch,True,46,699.24,2,2.0,483.9
2023-10-15,Sunday,Dinner,True,91,1870.0,4,6.0,1485.54
2023-10-16,Monday,Lunch,False,15,335.7,1,1.0,241.95
2023-10-16,Monday,Dinner,False,67,1262.0,3,4.0,1105.69
2023-10-17,Tuesday,Lunch,False,24,343.71,1,1.0,241.95
2023-10-17,Tuesday,Dinner,False,39,819.11,3,3.0,990.77
2023-10-18,Wednesday,Lunch,False,48,892.82,2,2.0,418.56
2023-10-18,Wednesday,Dinner,False,83,1488.84,4,4.0,1255.69
2023-10-19,Thursday,Lunch,False,41,536.58,1,2.0,318.56
2023-10-19,Thursday,Dinner,False,72,1387.77,4,4.0,1255.69
2023-10-20,Friday,Lunch,False,43,688.46,2,2.0,418.56
2023-10-20,Friday,Dinner,False,99,2081.37,5,5.0,1520.62
2023-10-21,Saturday,Lunch,True,59,1282.58,2,3.0,560.51
2023-10-21,Saturday,Dinner,True,116,2293.05,5,7.0,1750.46
2023-10-22,Sunday,Lunch,True,52,915.54,2,2.0,483.9
2023-10-22,Sunday,Dinner,True,75,1383.35,4,5.0,1370.62
2023-10-23,Monday,Lunch,False,41,854.84,1,2.0,318.56
2023-10-23,Monday,Dinner,False,66,1184.86,3,4.0,1105.69
2023-10-24,Tuesday,Lunch,False,25,640.34,1,1.0,241.95
2023-10-24,Tuesday,Dinner,False,65,1336.6,3,4.0,1105.69
2023-10-25,Wednesday,Lunch,False,39,729.15,1,2.0,318.56
2023-10-25,Wednesday,Dinner,False,83,1398.56,4,4.0,1255.69
2023-10-26,Thursday,Lunch,False,25,469.96,1,1.0,241.95
2023-10-26,Thursday,Dinner,False,47,946.17,3,3.0,990.77
2023-10-27,Friday,Lunch,False,89,1474.24,4,4.0,771.79
2023-10-27,Friday,Dinner,False,136,2534.41,5,6.0,1635.54
2023-10-28,Saturday,Lunch,True,57,1187.29,2,3.0,560.51
2023-10-28,Saturday,Dinner,True,135,2213.38,5,7.0,1750.46
2023-10-29,Sunday,Lunch,True,49,937.33,2,2.0,483.9
2023-10-29,Sunday,Dinner,True,77,1734.83,4,5.0,1370.62
2023-10-30,Monday,Lunch,1,34,702.92,1,2.0,318.56
2023-10-30,Monday,Dinner,False,57,1118.26,3,4.0,1105.69
2023-10-31,Tuesday,Lunch,False,51,1038.38,2,2.0,418.56
2023-10-31,Tuesday,Dinner,False,55,1128.82,3,3.0,990.77
2023-11-01,Wednesday,Lunch,False,50,1042.49,2,2.0,418.56
2023-11-01,Wednesday,Dinner,False,71,1433.41,4,4.0,1255.69
2023-11-02,Thursday,Lunch,False,27,606.65,1,1.0,241.95
2023-11-02,Thursday,Dinner,False,44,802.11,3,3.0,990.77
2023-11-03,Friday,Lunch,False,82,1505.18,4,3.0,695.18
2023-11-03,Friday,Dinner,False,105,2341.05,5,5.0,1520.62
2023-11-04,Saturday,Lunch,True,70,1337.33,3,3.0,660.51
2023-11-04,Saturday,Dinner,True,148,3568.91,5,8.0,1865.38
2023-11-05,Sunday,Lunch,True,47,844.64,2,2.0,483.9
2023-11-05,Sunday,Dinner,True,97,1856.29,4,6.0,1485.54
2023-11-06,Monday,Lunch,False,31,421.85,1,2.0,318.56
2023-11-06,Monday,Dinner,False,56,797.24,3,4.0,1105.69
2023-11-07,Tuesday,Lunch,False,40,770.69,1,2.0,318.56
2023-11-07,Tuesday,Dinner,False,55,1086.96,3,3.0,990.77
2023-11-08,Wednesday,Lunch,False,33,749.38,1,2.0,318.56
2023-11-08,Wednesday,Dinner,False,94,1648.19,4,5.0,1370.62
2023-11-09,Thursday,Lunch,False,32,624.19,1,2.0,318.56
2023-11-09,Thursday,Dinner,False,71,1240.53,4,4.0,1255.69
2023-11-10,Friday,Lunch,False,82,1700.67,4,3.0,695.18
2023-11-10,Friday,Dinner,False,141,3276.41,5,6.0,1635.54
2023-11-11,Saturday,Lunch,True,71,1441.65,3,3.0,660.51
2023-11-11,Saturday,Dinner,True,124,2403.54,5,7.0,1750.46
2023-11-12,Sunday,Lunch,True,66,1129.13,2,3.0,560.51
2023-11-12,Sunday,Dinner,True,90,1529.7,4,6.0,1485.54
2023-11-13,Monday,Lunch,False,29,508.66,1,1.0,241.95
2023-11-13,Monday,Dinner,False,55,987.97,3,3.0,990.77
2023-11-14,Tuesday,Lunch,False,49,938.0,2,2.0,418.56
2023-11-14,Tuesday,Dinner,False,66,1124.63,3,4.0,1105.69
2023-11-15,Wednesday,Lunch,False,57,1334.62,2,3.0,495.18
2023-11-15,Wednesday,Dinner,False,72,1542.0,4,4.0,1255.69
2023-11-16,Thursday,Lunch,False,38,735.58,1,2.0,318.56
2023-11-16,Thursday,Dinner,False,81,1579.48,4,4.0,1255.69
2023-11-17,Friday,Lunch,False,67,1151.01,2,3.0,495.18
2023-11-17,Friday,Dinner,False,-1,1748.66,4,5.0,1370.62
2023-11-18,Saturday,Lunch,True,49,881.39,2,2.0,483.9
2023-11-18,Saturday,Dinner,True,115,2073.86,5,6.0,1635.54
2023-11-19,Sunday,Lunch,True,43,730.24,2,2.0,483.9
2023-11-19,Sunday,Dinner,True,88,1682.07,4,6.0,1485.54
2023-11-20,Monday,Lunch,False,29,617.61,1,1.0,241.95
2023-11-20,Monday,Dinner,False,50,1001.39,3,3.0,990.77
2023-11-21,Tuesday,Lunch,False,38,806.49,1,2.0,318.56
2023-11-21,Tuesday,Dinner,False,71,1038.42,4,4.0,1255.69
2023-11-22,Wednesday,Lunch,False,33,521.77,1,2.0,318.56
2023-11-22,Wednesday,Dinner,False,73,1668.89,4,4.0,1255.69
2023-11-23,Thursday,Lunch,False,39,784.28,1,2.0,318.56
2023-11-23,Thursday,Dinner,False,86,1595.03,4,5.0,1370.62
2023-11-24,Friday,Lunch,False,57,1204.14,2,3.0,495.18
2023-11-24,Friday,Dinner,False,94,1806.67,4,5.0,1370.62
2023-11-25,Saturday,Lunch,True,81,1354.2,4,3.0,760.51
2023-11-25,Saturday,Dinner,True,110,2320.64,5,6.0,1635.54
2023-11-26,Sunday,Lunch,True,51,1071.53,2,2.0,483.9
2023-11-26,Sunday,Dinner,True,100,1778.65,4,6.0,1485.54
2023-11-27,Monday,Lunch,False,44,774.65,2,2.0,418.56
2023-11-27,Monday,Dinner,False,66,1262.42,3,4.0,1105.69
2023-11-28,Tuesday,Lunch,False,38,682.2,1,2.0,318.56
2023-11-28,Tuesday,Dinner,False,70,1222.4,3,4.0,1105.69
2023-11-29,Wednesday,Lunch,False,43,806.84,2,2.0,418.56
2023-11-29,Wednesday,Dinner,False,67,1274.39,3,4.0,1105.69
2023-11-30,Thursday,Lunch,False,53,770.61,2,2.0,418.56
2023-11-30,Thursday,Dinner,False,84,1585.63,4,4.0,1255.69
2023-12-01,Friday,Lunch,False,75,1473.3,3,3.0,595.18
2023-12-01,Friday,Dinner,False,126,2357.75,5,6.0,1635.54
2023-12-02,Saturday,Lunch,True,67,1590.37,3,3.0,660.51
2023-12-02,Saturday,Dinner,True,93,2107.36,4,6.0,1485.54
2023-12-03,Sunday,Lunch,True,50,1186.33,2,2.0,483.9
2023-12-03,Sunday,Dinner,True,91,1626.3,4,6.0,1485.54
2023-12-04,Monday,Lunch,False,34,686.14,1,2.0,318.56
2023-12-04,Monday,Dinner,False,95,2107.16,5,5.0,1520.62
2023-12-05,Tuesday,Lunch,False,45,848.63,2,2.0,418.56
2023-12-05,Tuesday,Dinner,False,70,1117.01,3,4.0,1105.69
2023-12-06,Wednesday,Lunch,False,70,1311.05,3,3.0,595.18
2023-12-06,Wednesday,Dinner,False,98,1800.39,4,5.0,1370.62
2023-12-07,Thursday,Lunch,False,38,656.69,1,2.0,318.56
2023-12-07,Thursday,Dinner,False,110,1914.09,5,5.0,1520.62
2023-12-08,Friday,Lunch,False,69,1464.18,3,3.0,595.18
2023-12-08,Friday,Dinner,False,112,1862.7,5,5.0,1520.62
2023-12-09,Saturday,Lunch,True,83,1627.83,4,3.0,760.51
2023-12-09,Saturday,Dinner,True,184,3307.8,5,8.0,1865.38
2023-12-10,Sunday,Lunch,True,59,911.09,2,3.0,560.51
2023-12-10,Sunday,Dinner,True,81,1449.05,4,5.0,1370.62
2023-12-11,Monday,Lunch,False,49,859.27,2,2.0,418.56
2023-12-11,Monday,Dinner,False,79,1282.19,4,4.0,1255.69
2023-12-12,Tuesday,Lunch,False,40,671.96,1,2.0,318.56
2023-12-12,Tuesday,Dinner,False,94,1658.18,4,5.0,1370.62
2023-12-13,Wednesday,Lunch,False,45,709.15,2,2.0,418.56
2023-12-13,Wednesday,Dinner,False,94,1733.97,4,5.0,1370.62
2023-12-14,Thursday,Lunch,False,74,1237.19,3,3.0,595.18
2023-12-14,Thursday,Dinner,False,92,1957.48,4,5.0,1370.62
2023-12-15,Friday,Lunch,False,74,1524.63,3,3.0,595.18
2023-12-15,Friday,Dinner,False,95,1638.84,4,5.0,1370.62
2023-12-16,Saturday,Lunch,True,67,1237.72,2,3.0,560.51
2023-12-16,Saturday,Dinner,True,150,2928.0,5,8.0,1865.38
2023-12-17,Sunday,Lunch,True,53,721.43,2,2.0,483.9
2023-12-17,Sunday,Dinner,True,100,1680.08,4,6.0,1485.54
2023-12-18,Monday,Lunch,False,46,908.12,2,2.0,418.56
2023-12-18,Monday,Dinner,False,83,1469.83,4,4.0,1255.69
2023-12-19,Tuesday,Lunch,False,46,744.03,2,2.0,418.56
2023-12-19,Tuesday,Dinner,False,94,1810.84,4,5.0,1370.62
2023-12-20,Wednesday,Lunch,False,57,997.58,2,3.0,495.18
2023-12-20,Wednesday,Dinner,False,87,1472.04,4,5.0,1370.62
2023-12-21,Thursday,Lunch,False,54,1154.95,2,2.0,418.56
2023-12-21,Thursday,Dinner,False,137,3088.08,5,6.0,1635.54
2023-12-22,Friday,Lunch,False,90,1750.52,4,4.0,771.79
2023-12-22,Friday,Dinner,True,123,2422.47,5,6.0,1635.54
2023-12-23,Saturday,Lunch,True,60,952.66,2,3.0,560.51
2023-12-23,Saturday,Dinner,True,104,2014.74,5,6.0,1635.54
2023-12-24,Sunday,Lunch,True,64,1206.54,3,3.0,660.51
2023-12-24,Sunday,Dinner,True,216,3866.07,5,8.0,1865.38
2023-12-25,Monday,Lunch,False,51,1059.85,2,2.0,418.56
2023-12-25,Monday,Dinner,False,126,2412.96,5,6.0,1635.54
2023-12-26,Tuesday,Lunch,False,54,1113.46,2,2.0,418.56
2023-12-26,Tuesday,Dinner,False,110,2112.5,5,5.0,1520.62
2023-12-27,Wednesday,Lunch,False,53,873.96,2,2.0,418.56
2023-12-27,Wednesday,Dinner,False,74,1133.08,4,4.0,1255.69
2023-12-28,Thursday,Lunch,False,73,1266.67,2,3.0,495.18
2023-12-28,Thursday,Dinner,False,125,2200.35,5,6.0,1635.54
2023-12-29,Friday,Lunch,False,43,819.39,2,2.0,418.56
2023-12-29,Friday,Dinner,False,137,3002.03,5,6.0,1635.54
2023-12-30,Saturday,Lunch,True,77,1185.7,4,3.0,760.51
2023-12-30,Saturday,Dinner,True,127,2384.22,5,7.0,1750.46
2023-12-31,Sunday,Lunch,True,132,2584.95,4,4.0,837.13
2023-12-31,Sunday,Dinner,True,181,3604.78,5,8.0,1865.38
2024-01-01,Monday,Lunch,False,24,508.37,1,1.0,241.95
2024-01-01,Monday,Dinner,False,64,1403.75,3,4.0,1105.69
2024-01-02,Tuesday,Lunch,False,30,,1,1.0,241.95
2024-01-02,Tuesday,Dinner,False,63,1037.95,3,4.0,1105.69
2024-01-03,Wednesday,Lunch,False,24,524.84,1,1.0,241.95
2024-01-03,Wednesday,Dinner,False,59,1311.8,3,4.0,1105.69
2024-01-04,Thursday,Lunch,False,38,623.7,1,2.0,318.56
2024-01-04,Thursday,Dinner,False,79,1419.09,4,4.0,1255.69
2024-01-05,Friday,Lunch,False,45,978.55,2,2.0,418.56
2024-01-05,Friday,Dinner,False,101,1822.35,4,5.0,1370.62
2024-01-06,Saturday,Lunch,True,49,883.18,2,2.0,483.9
2024-01-06,Saturday,Dinner,True,127,1870.21,5,7.0,1750.46
2024-01-07,Sunday,Lunch,True,39,610.85,1,2.0,383.9
2024-01-07,Sunday,Dinner,True,62,1161.56,3,5.0,1220.62
2024-01-08,Monday,Lunch,False,23,381.17,1,1.0,241.95
2024-01-08,Monday,Dinner,False,56,1039.38,3,4.0,1105.69
2024-01-09,Tuesday,Lunch,False,25,657.98,1,1.0,241.95
2024-01-09,Tuesday,Dinner,False,50,836.77,3,3.0,990.77
2024-01-10,Wednesday,Lunch,False,33,492.49,1,2.0,318.56
2024-01-10,Wednesday,Dinner,False,44,1060.85,3,3.0,990.77
2024-01-11,Thursday,Lunch,False,49,1017.72,2,2.0,418.56
2024-01-11,Thursday,Dinner,False,73,1295.62,4,4.0,1255.69
2024-01-12,Friday,Lunch,False,40,672.1,1,2.0,318.56
2024-01-12,Friday,Dinner,False,84,1871.56,4,4.0,1255.69
2024-01-13,Saturday,Lunch,True,49,1035.45,2,2.0,483.9
2024-01-13,Saturday,Dinner,True,89,1474.17,4,6.0,1485.54
2024-01-14,Sunday,Lunch,True,34,584.73,1,2.0,383.9
2024-01-14,Sunday,Dinner,True,54,1105.1,3,4.0,1105.69
2024-01-15,Monday,Lunch,False,21,479.89,1,1.0,241.95
2024-01-15,Monday,Dinner,False,38,767.5,3,3.0,990.77
2024-01-16,Tuesday,Lunch,False,33,736.71,1,2.0,318.56
2024-01-16,Tuesday,Dinner,False,43,853.3,3,3.0,990.77
2024-01-17,Wednesday,Lunch,False,30,550.03,1,1.0,241.95
2024-01-17,Wednesday,Dinner,False,51,1161.74,3,3.0,990.77
2024-01-18,Thursday,Lunch,False,25,582.05,1,1.0,241.95
2024-01-18,Thursday,Dinner,False,37,678.64,3,3.0,990.77
2024-01-19,Friday,Lunch,False,52,839.53,2,2.0,418.56
2024-01-19,Friday,Dinner,False,84,1310.9,4,4.0,1255.69
2024-01-20,Saturday,Lunch,True,66,1217.47,2,3.0,560.51
2024-01-20,Saturday,Dinner,True,119,2196.45,5,7.0,1750.46
2024-01-21,Sunday,Lunch,True,35,637.08,1,2.0,383.9
2024-01-21,Sunday,Dinner,True,88,1634.07,4,6.0,1485.54
2024-01-22,Monday,Lunch,False,21,418.17,1,1.0,241.95
2024-01-22,Monday,Dinner,False,42,538.15,3,3.0,990.77
2024-01-23,Tuesday,Lunch,False,24,472.74,1,1.0,241.95
2024-01-23,Tuesday,Dinner,False,49,994.82,3,3.0,990.77
2024-01-24,Wednesday,Lunch,False,42,1021.3,1,2.0,318.56
2024-01-24,Wednesday,Dinner,False,59,1070.39,3,4.0,1105.69
2024-01-25,Thursday,Lunch,False,36,758.93,1,2.0,318.56
2024-01-25,Thursday,Dinner,False,50,934.15,3,3.0,990.77
2024-01-26,Friday,Lunch,False,77,1461.24,4,3.0,695.18
2024-01-26,Friday,Dinner,False,127,2758.02,5,6.0,1635.54
2024-01-27,Saturday,Lunch,True,55,973.34,2,2.0,483.9
2024-01-27,Saturday,Dinner,True,104,2071.65,5,6.0,1635.54
2024-01-28,Sunday,Lunch,True,45,641.8,2,2.0,483.9
2024-01-28,Sunday,Dinner,True,82,500000.0,4,5.0,1370.62
2024-01-29,Monday,Lunch,False,26,593.06,1,1.0,241.95
2024-01-29,Monday,Dinner,False,50,925.09,3,3.0,990.77
2024-01-30,Tuesday,Lunch,False,30,600.52,1,1.0,241.95
,Tuesday,Dinner,False,50,866.34,3,3.0,990.77
2024-01-31,Wednesday,Lunch,False,29,444.34,1,1.0,241.95
2024-01-31,Wednesday,Dinner,False,52,973.92,3,3.0,990.77
2024-02-01,Thursday,Lunch,False,27,419.1,1,1.0,241.95
2024-02-01,Thursday,Dinner,False,63,1093.13,3,4.0,1105.69
2024-02-02,Friday,Lunch,False,56,1204.78,2,3.0,495.18
2024-02-02,Friday,Dinner,False,87,1781.56,4,5.0,1370.62
2024-02-03,Saturday,Lunch,True,78,1268.02,4,3.0,760.51
2024-02-03,Saturday,Dinner,True,125,3040.15,5,7.0,1750.46
2024-02-04,Sunday,Lunch,True,46,914.34,2,2.0,483.9
2024-02-04,Sunday,Dinner,True,71,1129.73,4,5.0,1370.62
2024-02-05,Monday,Lunch,False,30,521.81,1,1.0,241.95
2024-02-05,Monday,Dinner,False,68,1276.97,3,4.0,1105.69
2024-02-06,Tuesday,Lunch,False,41,821.71,1,2.0,318.56
2024-02-06,Tuesday,Dinner,False,62,1265.56,3,4.0,1105.69
2024-02-07,Wednesday,Lunch,False,37,640.6,1,2.0,318.56
2024-02-07,Wednesday,Dinner,False,48,1120.15,3,3.0,990.77
2024-02-08,Thursday,Lunch,False,46,500000.0,2,2.0,418.56
2024-02-08,Thursday,Dinner,False,55,859.97,3,3.0,990.77
2024-02-09,Friday,Lunch,False,44,845.26,2,2.0,418.56
2024-02-09,Friday,Dinner,False,98,2482.98,5,5.0,1520.62
2024-02-10,Saturday,Lunch,True,64,1278.81,3,3.0,660.51
2024-02-10,Saturday,Dinner,True,130,2536.43,5,7.0,1750.46
2024-02-11,Sunday,Lunch,True,33,593.77,1,2.0,383.9
2024-02-11,Sunday,Dinner,True,49,950.33,3,4.0,1105.69
2024-02-12,Monday,Lunch,False,20,379.19,1,1.0,241.95
2024-02-12,Monday,Dinner,False,43,1037.53,3,3.0,990.77
2024-02-13,Tuesday,Lunch,False,18,278.78,1,1.0,241.95
2024-02-13,Tuesday,Dinner,False,60,1262.47,3,4.0,1105.69
2024-02-14,Wednesday,Lunch,False,39,702.24,1,2.0,318.56
2024-02-14,Wednesday,Dinner,False,97,1790.28,4,5.0,1370.62
2024-02-15,Thursday,Lunch,False,53,982.2,2,2.0,418.56
2024-02-15,Thursday,Dinner,False,65,1293.12,3,4.0,1105.69
2024-02-16,Friday,Lunch,False,20,430.51,1,1.0,241.95
2024-02-16,Friday,Dinner,False,45,804.63,3,3.0,990.77
2024-02-17,Saturday,Lunch,True,59,1120.07,2,3.0,560.51
2024-02-17,Saturday,Dinner,True,97,1787.26,4,6.0,1485.54
2024-02-18,Sunday,Lunch,True,33,699.9,1,2.0,383.9
2024-02-18,Sunday,Dinner,True,59,1087.01,3,5.0,1220.62
2024-02-19,Monday,Lunch,False,34,771.91,1,2.0,318.56
2024-02-19,Monday,Dinner,False,60,1071.7,3,4.0,1105.69
2024-02-20,Tuesday,Lunch,False,33,534.42,1,2.0,318.56
2024-02-20,Tuesday,Dinner,False,71,1510.39,4,4.0,1255.69
2024-02-21,Wednesday,Lunch,False,43,1139.56,2,2.0,418.56
2024-02-21,Wednesday,Dinner,False,76,1452.72,4,4.0,1255.69
2024-02-22,Thursday,Lunch,False,41,786.36,1,2.0,318.56
2024-02-22,Thursday,Dinner,False,75,1533.11,4,4.0,1255.69
2024-02-23,Friday,Lunch,False,48,1048.85,2,2.0,418.56
2024-02-23,Friday,Dinner,False,69,1387.76,3,4.0,1105.69
2024-02-24,Saturday,Lunch,True,54,1214.06,2,2.0,483.9
2024-02-24,Saturday,Dinner,True,108,1924.13,5,6.0,1635.54
2024-02-25,Sunday,Lunch,True,40,845.7,1,2.0,383.9
2024-02-25,Sunday,Dinner,True,60,1211.93,3,5.0,1220.62
2024-02-26,Monday,Lunch,False,36,681.94,1,2.0,318.56
2024-02-26,Monday,Dinner,False,52,928.15,3,3.0,990.77
2024-02-27,Tuesday,Lunch,0,28,626.97,1,1.0,241.95
2024-02-27,Tuesday,Dinner,False,64,1295.93,3,4.0,1105.69
2024-02-28,Wednesday,Lunch,False,32,491.7,1,2.0,318.56
2024-02-28,Wednesday,Dinner,False,57,986.96,3,4.0,1105.69
2024-02-29,Thursday,Lunch,False,48,864.73,2,2.0,418.56
2024-02-29,Thursday,Dinner,False,77,1386.37,4,4.0,1255.69
2024-03-01,Friday,Lunch,False,51,969.85,2,2.0,418.56
2024-03-01,Friday,Dinner,False,95,1852.07,4,5.0,1370.62
2024-03-02,Saturday,Lunch,True,45,1052.92,2,2.0,483.9
2024-03-02,Saturday,Dinner,True,98,1755.66,4,6.0,1485.54
2024-03-03,Sunday,Lunch,True,42,794.46,1,2.0,383.9
2024-03-03,Sunday,Dinner,True,75,1666.34,4,5.0,1370.62
2024-03-04,Monday,Lunch,False,43,785.46,2,2.0,418.56
2024-03-04,Monday,Dinner,False,83,1444.8,4,4.0,1255.69
2024-03-05,Tuesday,Lunch,False,40,793.33,1,2.0,318.56
2024-03-05,Tuesday,Dinner,False,67,1281.11,3,4.0,1105.69
2024-03-06,Wednesday,Lunch,False,30,669.27,1,1.0,241.95
2024-03-06,Wednesday,Dinner,False,82,1572.73,4,4.0,1255.69
2024-03-07,Thursday,Lunch,False,42,674.13,1,2.0,318.56
2024-03-07,Thursday,Dinner,False,99,2090.03,5,5.0,1520.62
2024-03-08,Friday,Lunch,False,59,1210.42,2,3.0,495.18
2024-03-08,Friday,Dinner,False,94,1844.5,4,5.0,1370.62
2024-03-09,Saturday,Lunch,True,57,1065.8,2,3.0,560.51
2024-03-09,Saturday,Dinner,True,107,2667.29,5,6.0,1635.54
2024-03-10,Sunday,Lunch,True,53,1069.11,2,2.0,483.9
2024-03-10,Sunday,Dinner,True,74,1292.0,4,5.0,1370.62
2024-03-11,Monday,Lunch,False,41,713.1,1,2.0,318.56
2024-03-11,Monday,Dinner,False,61,1273.21,3,4.0,1105.69
2024-03-12,Tuesday,Lunch,False,31,676.26,1,2.0,318.56
2024-03-12,Tuesday,Dinner,False,86,1811.31,4,5.0,1370.62
2024-03-13,Wednesday,DINNER,False,50,1368.27,2,2.0,418.56
2024-03-13,Wednesday,DINNER,False,68,1139.5,3,4.0,1105.69
2024-03-14,Thursday,Lunch,False,52,876.02,2,2.0,418.56
2024-03-14,Thursday,Dinner,False,71,1320.43,4,4.0,1255.69
2024-03-15,Friday,Lunch,False,90,1287.85,4,4.0,771.79
2024-03-15,Friday,Dinner,False,87,1705.71,4,5.0,1370.62
2024-03-16,Saturday,Lunch,True,45,812.58,2,2.0,483.9
2024-03-16,Saturday,Dinner,True,93,1810.65,4,6.0,1485.54
2024-03-17,Sunday,Lunch,True,32,804.83,1,2.0,383.9
2024-03-17,Sunday,Dinner,True,60,1171.86,3,5.0,1220.62
2024-03-18,Monday,Lunch,False,35,694.79,1,2.0,318.56
2024-03-18,Monday,Dinner,False,69,1438.06,3,4.0,1105.69
2024-03-19,Tuesday,Lunch,False,18,304.96,1,1.0,241.95
2024-03-19,Tuesday,Dinner,False,48,804.71,3,3.0,990.77
2024-03-20,Wednesday,Lunch,False,41,862.34,1,2.0,318.56
2024-03-20,Wednesday,Dinner,False,61,1143.67,3,4.0,1105.69
2024-03-21,Thursday,Lunch,False,60,1248.68,2,3.0,495.18
2024-03-21,Thursday,Dinner,False,96,1988.31,4,5.0,1370.62
2024-03-22,Friday,Lunch,False,77,1661.93,4,3.0,695.18
2024-03-22,Friday,Dinner,False,127,2537.91,5,6.0,1635.54
2024-03-23,Saturday,Lunch,True,58,1133.03,2,3.0,560.51
2024-03-23,Saturday,Dinner,True,125,2311.64,5,7.0,1750.46
2024-03-24,Sunday,Lunch,True,49,970.57,2,2.0,483.9
2024-03-24,Sunday,Dinner,True,83,1601.81,4,5.0,1370.62
2024-03-25,Monday,Lunch,False,26,474.36,1,1.0,241.95
2024-03-25,Monday,Dinner,False,61,1105.3,3,4.0,1105.69
2024-03-26,Tuesday,Lunch,False,38,,1,2.0,318.56
2024-03-26,Tuesday,Dinner,False,53,1295.35,3,3.0,990.77
2024-03-27,Wednesday,Lunch,False,27,556.78,1,1.0,241.95
2024-03-27,Wednesday,Dinner,False,61,975.19,3,4.0,1105.69
2024-03-28,Thursday,Lunch,False,37,669.23,1,2.0,318.56
2024-03-28,Thursday,Dinner,False,97,2422.46,5,,1520.62
2024-03-29,Friday,Lunch,False,61,1019.4,2,3.0,495.18
2024-03-29,Friday,Dinner,False,117,2293.28,5,6.0,1635.54
2024-03-30,Saturday,Lunch,True,58,1163.37,2,3.0,560.51
2024-03-30,Saturday,Dinner,True,100,2195.29,4,6.0,1485.54
2024-03-31,Sunday,Lunch,True,38,774.04,1,2.0,383.9
2024-03-31,Sunday,Dinner,True,86,1842.4,4,6.0,1485.54
2024-04-01,Monday,Lunch,False,21,487.36,1,1.0,241.95
2024-04-01,Monday,Dinner,False,57,1090.05,3,4.0,1105.69
2024-04-02,Tuesday,Lunch,False,24,633.79,1,1.0,241.95
2024-04-02,Tuesday,Dinner,False,48,1033.21,3,3.0,990.77
2024-04-03,Wednesday,Lunch,False,50,1000.3,2,2.0,418.56
2024-04-03,Wednesday,Dinner,False,77,1597.12,4,4.0,1255.69
2024-04-04,Thursday,Lunch,False,41,946.39,1,2.0,318.56
2024-04-04,Thursday,Dinner,False,76,1616.35,4,4.0,1255.69
2024-04-05,Friday,Lunch,False,57,1201.32,2,3.0,495.18
2024-04-05,Friday,Dinner,False,102,1968.81,4,5.0,1370.62
2024-04-06,Saturday,Lunch,True,60,864.08,2,3.0,560.51
2024-04-06,Saturday,Dinner,True,122,2435.97,5,7.0,1750.46
2024-04-07,Sunday,Lunch,True,47,805.06,2,2.0,483.9
2024-04-07,Sunday,Dinner,True,81,1544.75,4,5.0,1370.62
2024-04-08,Monday,Lunch,False,33,631.45,1,,318.56
2024-04-08,Monday,Dinner,False,66,1135.92,3,4.0,1105.69
2024-04-09,Tuesday,Lunch,False,43,1074.71,2,2.0,418.56
2024-04-09,Tuesday,Dinner,False,67,1328.86,3,4.0,1105.69
2024-04-10,Wednesday,Lunch,False,49,,2,2.0,418.56
2024-04-10,Wednesday,Dinner,False,79,1561.23,4,4.0,1255.69
2024-04-11,Thursday,Lunch,False,59,1045.95,2,3.0,495.18
2024-04-11,Thursday,Dinner,False,81,1560.06,4,4.0,1255.69
2024-04-12,Friday,Lunch,False,53,916.56,2,2.0,418.56
2024-04-12,Friday,Dinner,False,117,2331.23,5,6.0,1635.54
2024-04-13,Saturday,Lunch,True,80,1287.2,3,3.0,660.51
2024-04-13,Saturday,Dinner,True,143,2723.01,5,7.0,1750.46
2024-04-14,Sunday,Lunch,True,32,526.77,1,2.0,383.9
2024-04-14,Sunday,Dinner,True,73,1471.29,4,5.0,1370.62
2024-04-15,Monday,Lunch,False,49,933.9,2,2.0,418.56
2024-04-15,Monday,Dinner,False,65,1341.77,3,4.0,1105.69
2024-04-16,Tuesday,Lunch,False,29,505.43,1,1.0,241.95
2024-04-16,Tuesday,Dinner,False,72,1246.92,4,4.0,1255.69
2024-04-17,Wednesday,Lunch,False,33,502.82,1,2.0,318.56
2024-04-17,Wednesday,Dinner,False,51,951.52,3,3.0,990.77
2024-04-18,Thursday,Lunch,False,62,1229.19,2,3.0,495.18
2024-04-18,Thursday,Dinner,False,101,1727.92,4,5.0,1370.62
2024-04-19,Friday,Lunch,False,72,1570.33,3,3.0,595.18
2024-04-19,Friday,Dinner,False,106,2325.48,5,5.0,1520.62
2024-04-20,Saturday,Lunch,True,96,500000.0,4,4.0,837.13
2024-04-20,Saturday,Dinner,True,156,3462.55,5,8.0,1865.38
2024-04-21,Sunday,Lunch,True,55,1106.2,2,2.0,483.9
2024-04-21,Sunday,Dinner,True,79,1632.09,4,5.0,1370.62
2024-04-22,Monday,Lunch,False,45,1064.83,2,2.0,418.56
2024-04-22,Monday,Dinner,False,71,1203.88,4,4.0,1255.69
2024-04-23,Tuesday,Lunch,False,35,651.32,1,2.0,318.56
2024-04-23,Tuesday,Dinner,False,63,1045.56,3,4.0,1105.69
2024-04-24,Wednesday,DINNER,False,60,928.75,2,3.0,495.18
2024-04-24,Wednesday,Dinner,False,106,1957.43,5,5.0,1520.62
2024-04-25,Thursday,Lunch,False,41,667.02,1,2.0,318.56
2024-04-25,Thursday,Dinner,False,89,1926.17,4,5.0,1370.62
2024-04-26,Friday,Lunch,False,47,951.22,2,2.0,418.56
2024-04-26,Friday,Dinner,False,99,2248.45,5,5.0,1520.62
2024-04-27,Saturday,Lunch,True,57,970.72,2,3.0,560.51
2024-04-27,Saturday,Dinner,True,124,2356.17,5,7.0,1750.46
2024-04-28,Sunday,Lunch,True,40,669.74,1,2.0,383.9
2024-04-28,Sunday,Dinner,True,102,1923.1,4,6.0,1485.54
2024-04-29,Monday,Lunch,False,40,827.51,1,2.0,318.56
2024-04-29,Monday,Dinner,False,56,963.89,3,4.0,1105.69
2024-04-30,Tuesday,Lunch,False,30,586.14,1,1.0,241.95
2024-04-30,Tuesday,Dinner,False,43,1068.69,3,3.0,990.77
2024-05-01,Wednesday,Lunch,False,48,1012.7,2,2.0,418.56
2024-05-01,Wednesday,Dinner,False,104,1995.15,4,5.0,1370.62
2024-05-02,Thursday,Lunch,False,44,716.08,2,2.0,418.56
2024-05-02,Thursday,Dinner,False,108,2010.2,5,5.0,1520.62
2024-05-03,Friday,Lunch,False,57,1217.92,2,3.0,495.18
2024-05-03,Friday,Dinner,False,103,2227.1,5,5.0,1520.62
2024-05-04,Saturday,Lunch,True,91,1570.98,4,4.0,837.13
2024-05-04,Saturday,Dinner,True,153,3150.71,5,8.0,1865.38
2024-05-05,Sunday,Lunch,True,57,1073.27,2,3.0,560.51
2024-05-05,Sunday,Dinner,True,85,1603.43,4,5.0,1370.62
2024-05-06,Monday,Lunch,False,27,552.7,1,1.0,241.95
2024-05-06,Monday,Dinner,False,78,1563.54,4,4.0,1255.69
2024-05-07,Tuesday,Lunch,False,43,808.47,2,2.0,418.56
2024-05-07,Tuesday,Dinner,False,81,1474.05,4,4.0,1255.69
2024-05-08,Wednesday,Lunch,False,42,901.73,1,2.0,318.56
2024-05-08,Wednesday,Dinner,0,83,1644.21,4,4.0,1255.69
2024-05-09,Thursday,Lunch,False,44,797.29,2,2.0,418.56
2024-05-09,Thursday,Dinner,False,71,1715.98,4,4.0,1255.69
2024-05-10,Friday,Lunch,False,57,1005.67,2,3.0,495.18
2024-05-10,Friday,Dinner,False,95,1837.27,4,5.0,1370.62
2024-05-11,Saturday,Lunch,True,56,1363.66,3,3.0,660.51
2024-05-11,Saturday,Dinner,True,122,2157.89,5,,1750.46
2024-05-12,Sunday,Lunch,True,58,1174.83,2,3.0,560.51
2024-05-12,Sunday,Dinner,True,95,1723.26,4,6.0,1485.54
2024-05-13,Monday,Lunch,False,37,975.56,1,2.0,318.56
2024-05-13,Monday,Dinner,False,90,1726.16,4,5.0,1370.62
2024-05-14,Tuesday,Lunch,False,29,605.4,1,1.0,241.95
2024-05-14,Tuesday,Dinner,False,58,958.33,3,4.0,1105.69
2024-05-15,Wednesday,Lunch,False,39,789.05,1,2.0,318.56
2024-05-15,Wednesday,Dinner,False,84,1423.75,4,4.0,1255.69
2024-05-16,Thursday,Lunch,False,26,475.43,1,1.0,241.95
2024-05-16,Thursday,Dinner,False,48,915.94,3,3.0,990.77
2024-05-17,Friday,Lunch,False,52,856.87,2,2.0,418.56
2024-05-17,Friday,Dinner,False,121,2266.56,5,6.0,1635.54
2024-05-18,Saturday,Lunch,True,66,1264.19,2,3.0,560.51
2024-05-18,Saturday,Dinner,True,132,2337.64,5,7.0,1750.46
2024-05-19,Sunday,Lunch,True,43,904.4,2,2.0,483.9
2024-05-19,Sunday,Dinner,True,89,1575.3,4,6.0,1485.54
2024-05-20,Monday,Lunch,False,25,464.43,1,1.0,241.95
2024-05-20,Monday,Dinner,False,67,1405.48,3,4.0,1105.69
2024-05-21,Tuesday,Lunch,False,38,692.89,1,2.0,318.56
2024-05-21,Tuesday,Dinner,False,71,1748.55,4,4.0,1255.69
2024-05-22,Wednesday,Lunch,False,69,1152.03,2,3.0,495.18
2024-05-22,Wednesday,Dinner,False,107,1967.38,5,5.0,1520.62
2024-05-23,Thursday,Lunch,False,50,952.52,2,2.0,418.56
2024-05-23,Thursday,Dinner,False,100,1958.57,4,5.0,1370.62
2024-05-24,Friday,Lunch,False,72,1494.59,3,3.0,595.18
2024-05-24,Friday,Dinner,False,140,2962.78,5,6.0,1635.54
2024-05-25,Saturday,Lunch,True,73,1329.93,3,3.0,660.51
2024-05-25,Saturday,Dinner,True,126,2281.1,5,7.0,1750.46
2024-05-26,Sunday,Lunch,True,70,1106.61,2,3.0,560.51
2024-05-26,Sunday,Dinner,True,93,1468.45,4,6.0,1485.54
2024-05-27,Monday,Lunch,False,44,755.76,2,2.0,418.56
2024-05-27,Monday,Dinner,False,51,1018.16,3,3.0,990.77
2024-05-28,Tuesday,Lunch,False,51,1054.13,2,2.0,418.56
2024-05-28,Tuesday,Dinner,False,65,1370.31,3,4.0,1105.69
2024-05-29,Wednesday,Lunch,False,47,872.45,2,2.0,418.56
2024-05-29,Wednesday,Dinner,False,79,1464.63,4,4.0,1255.69
2024-05-30,Thursday,Lunch,False,59,1151.76,2,3.0,495.18
2024-05-30,Thursday,Dinner,False,98,1932.08,4,5.0,1370.62
2024-05-31,Friday,Lunch,False,95,1752.84,4,4.0,771.79
2024-05-31,Friday,Dinner,False,157,2782.26,5,7.0,1750.46
2024-06-01,Saturday,Lunch,True,78,1684.17,4,3.0,760.51
2024-06-01,Saturday,Dinner,True,182,3477.84,5,8.0,1865.38
2024-06-02,Sunday,Lunch,True,59,913.0,2,3.0,560.51
2024-06-02,Sunday,Dinner,True,70,1628.68,3,5.0,1220.62
2024-06-03,Monday,Lunch,False,51,957.77,2,2.0,418.56
2024-06-03,Monday,Dinner,False,83,1823.12,4,4.0,1255.69
2024-06-04,Tuesday,Lunch,False,37,688.49,1,2.0,318.56
2024-06-04,Tuesday,Dinner,False,79,1213.05,4,4.0,1255.69
2024-06-05,Wednesday,Lunch,False,61,1109.92,2,3.0,495.18
2024-06-05,Wednesday,Dinner,False,82,1678.77,4,4.0,1255.69
2024-06-06,Thursday,Lunch,False,89,2153.76,4,4.0,771.79
2024-06-06,Thursday,Dinner,False,121,2774.24,5,6.0,1635.54
2024-06-07,Friday,Lunch,False,53,1130.82,2,2.0,418.56
2024-06-07,Friday,Dinner,False,80,1566.61,4,4.0,1255.69
2024-06-08,Saturday,Lunch,True,104,1923.36,4,4.0,837.13
2024-06-08,Saturday,Dinner,True,174,3060.31,5,8.0,1865.38
2024-06-09,Sunday,Lunch,True,52,931.15,2,2.0,483.9
2024-06-09,Sunday,Dinner,True,120,2625.88,5,7.0,1750.46
2024-06-10,Monday,Lunch,False,39,822.37,1,2.0,318.56
2024-06-10,Monday,Dinner,False,52,1022.78,3,3.0,990.77
2024-06-11,Tuesday,Lunch,False,32,663.12,1,2.0,318.56
2024-06-11,Tuesday,Dinner,False,73,1624.38,4,4.0,1255.69
2024-06-12,Wednesday,lunch,False,71,1079.14,2,3.0,495.18
2024-06-12,Wednesday,Dinner,False,105,2033.86,4,5.0,1370.62
2024-06-13,Thursday,Lunch,False,42,806.29,1,2.0,318.56
2024-06-13,Thursday,Dinner,False,81,1350.21,4,4.0,1255.69
2024-06-14,Friday,Lunch,False,59,1249.28,3,3.0,595.18
2024-06-14,Friday,Dinner,False,102,2089.11,5,5.0,1520.62
2024-06-15,Saturday,Lunch,True,87,1761.48,4,4.0,837.13
2024-06-15,Saturday,Dinner,True,210,3876.28,5,8.0,1865.38
2024-06-16,Sunday,Lunch,True,53,990.58,2,2.0,483.9
2024-06-16,Sunday,Dinner,True,97,1724.5,4,6.0,1485.54
2024-06-17,Monday,Lunch,False,33,494.21,1,2.0,318.56
2024-06-17,Monday,Dinner,False,41,975.39,3,3.0,990.77
2024-06-18,Tuesday,Lunch,False,40,,1,2.0,318.56
2024-06-18,Tuesday,Dinner,False,94,1714.11,4,5.0,1370.62
2024-06-19,Wednesday,Lunch,False,39,843.19,1,2.0,318.56
2024-06-19,Wednesday,Dinner,False,125,2219.76,5,6.0,1635.54
2024-06-20,Thursday,Lunch,False,62,1131.66,2,3.0,495.18
2024-06-20,Thursday,Dinner,False,134,2370.09,5,6.0,1635.54
2024-06-21,Friday,Lunch,False,54,954.52,2,2.0,418.56
2024-06-21,Friday,Dinner,False,135,2565.23,5,6.0,1635.54
2024-06-22,Saturday,Lunch,True,138,2773.41,4,4.0,837.13
2024-06-22,Saturday,Dinner,True,219,4019.31,5,8.0,1865.38
2024-06-23,Sunday,Lunch,True,50,1048.26,2,2.0,483.9
2024-06-23,Sunday,Dinner,True,84,1841.96,4,5.0,1370.62
2024-06-24,Monday,Lunch,False,45,785.34,2,2.0,418.56
2024-06-24,Monday,Dinner,False,65,1140.83,3,4.0,1105.69
2024-06-25,Tuesday,Lunch,False,32,635.97,1,2.0,318.56
2024-06-25,Tuesday,Dinner,False,75,1505.44,4,4.0,1255.69
2024-06-26,Wednesday,Lunch,False,46,1039.66,2,2.0,418.56
2024-06-26,Wednesday,Dinner,False,91,2198.62,4,5.0,1370.62
2024-06-27,Thursday,Lunch,False,52,1094.1,2,2.0,418.56
2024-06-27,Thursday,Dinner,False,105,2315.67,5,5.0,1520.62
2024-06-28,Friday,Lunch,False,103,1969.8,4,4.0,771.79
2024-06-28,Friday,Dinner,False,154,2898.08,5,7.0,1750.46
2024-06-29,Saturday,Lunch,True,79,1506.66,4,3.0,760.51
2024-06-29,Saturday,Dinner,True,171,3544.11,5,8.0,1865.38
2024-06-30,Sunday,Lunch,True,52,1029.93,2,2.0,483.9
2024-06-30,Sunday,Dinner,True,91,1654.14,4,6.0,1485.54
2024-07-01,Monday,Lunch,False,33,463.79,1,2.0,318.56
2024-07-01,Monday,Dinner,False,62,1309.1,3,4.0,1105.69
2024-07-02,Tuesday,Lunch,False,28,524.29,1,1.0,241.95
2024-07-02,Tuesday,Dinner,False,93,1700.17,4,5.0,1370.62
2024-07-03,Wednesday,Lunch,False,35,748.48,1,2.0,318.56
2024-07-03,Wednesday,Dinner,False,82,1463.32,4,,1255.69
2024-07-04,Thursday,Lunch,False,76,1286.78,3,3.0,595.18
2024-07-04,Thursday,Dinner,False,78,1510.2,4,4.0,1255.69
2024-07-05,Friday,Lunch,False,71,1474.14,3,3.0,595.18
2024-07-05,Friday,Dinner,False,187,3175.73,5,7.0,1750.46
2024-07-06,Saturday,Lunch,True,82,1446.58,4,3.0,760.51
2024-07-06,Saturday,Dinner,True,167,3304.46,5,8.0,1865.38
2024-07-07,Sunday,Lunch,True,42,909.7,1,2.0,383.9
2024-07-07,Sunday,Dinner,True,101,2018.74,4,6.0,1485.54
2024-07-08,Monday,Lunch,False,27,443.1,1,1.0,241.95
2024-07-08,Monday,Dinner,False,85,1674.53,4,4.0,1255.69
2024-07-09,Tuesday,Lunch,False,50,938.77,2,2.0,418.56
2024-07-09,Tuesday,Dinner,False,60,1222.2,3,4.0,1105.69
2024-07-10,Wednesday,Lunch,False,49,1020.18,2,,418.56
2024-07-10,Wednesday,Dinner,False,96,1863.07,4,5.0,1370.62
2024-07-11,Thursday,Lunch,False,58,1332.12,2,3.0,495.18
2024-07-11,Thursday,Dinner,False,120,2469.03,5,6.0,1635.54
2024-07-12,Friday,Lunch,False,70,1390.34,3,3.0,595.18
2024-07-12,Friday,Dinner,False,127,2227.85,5,6.0,1635.54
2024-07-13,Saturday,Lunch,True,98,1851.2,4,4.0,837.13
2024-07-13,Saturday,Dinner,True,190,3868.69,5,8.0,1865.38
2024-07-14,Sunday,Lunch,True,67,1153.13,2,3.0,560.51
2024-07-14,Sunday,Dinner,True,114,2184.32,5,6.0,1635.54
2024-07-15,Monday,Lunch,False,42,710.65,1,2.0,318.56
2024-07-15,Monday,Dinner,False,93,1761.59,4,5.0,1370.62
2024-07-16,Tuesday,Lunch,False,54,1169.65,2,2.0,418.56
2024-07-16,Tuesday,Dinner,False,75,1388.82,4,4.0,1255.69
2024-07-17,Wednesday,Lunch,False,60,895.68,2,3.0,495.18
2024-07-17,Wednesday,Dinner,False,84,1369.41,4,4.0,1255.69
2024-07-18,Thursday,Lunch,False,56,943.84,2,3.0,495.18
2024-07-18,Thursday,Dinner,False,119,2478.92,5,6.0,1635.54
2024-07-19,Friday,Lunch,False,90,1597.13,4,4.0,771.79
2024-07-19,Friday,Dinner,False,141,2950.87,5,6.0,1635.54
2024-07-20,Saturday,Lunch,True,106,2155.99,4,4.0,837.13
2024-07-20,Saturday,Dinner,True,208,3960.08,5,8.0,1865.38
2024-07-21,Sunday,Lunch,True,54,1117.94,2,2.0,483.9
2024-07-21,Sunday,Dinner,True,106,2009.42,5,6.0,1635.54
2024-07-22,Monday,Lunch,False,39,639.1,1,2.0,318.56
2024-07-22,Monday,Dinner,False,79,1619.76,4,4.0,1255.69
2024-07-23,Tuesday,Lunch,False,51,1051.29,2,2.0,418.56
2024-07-23,Tuesday,Dinner,False,84,1409.4,4,4.0,1255.69
2024-07-24,Wednesday,Lunch,False,66,1397.1,2,3.0,495.18
2024-07-24,Wednesday,Dinner,False,110,2505.09,5,5.0,1520.62
2024-07-25,Thursday,Lunch,False,44,852.5,2,2.0,418.56
2024-07-25,Thursday,Dinner,False,102,2176.73,4,5.0,1370.62
2024-07-26,Friday,Lunch,False,87,1788.43,4,4.0,771.79
2024-07-26,Friday,Dinner,False,167,3205.0,5,7.0,1750.46
2024-07-27,Saturday,Lunch,True,87,1728.77,4,4.0,837.13
2024-07-27,Saturday,Dinner,True,137,2713.68,5,7.0,1750.46
2024-07-28,Sunday,Lunch,True,70,1376.68,3,3.0,660.51
2024-07-28,Sunday,Dinner,True,109,2193.5,5,6.0,1635.54
2024-07-29,Monday,Lunch,False,40,799.88,1,2.0,318.56
2024-07-29,Monday,Dinner,False,67,1164.69,3,4.0,1105.69
2024-07-30,Tuesday,Lunch,False,58,1050.44,2,3.0,495.18
2024-07-30,Tuesday,Dinner,False,93,1858.46,4,5.0,1370.62
2024-07-31,Wednesday,Lunch,False,51,865.99,2,2.0,418.56
2024-07-31,Wednesday,Dinner,False,92,1901.66,4,5.0,1370.62
2024-08-01,Thursday,Lunch,False,62,1157.12,2,3.0,495.18
2024-08-01,Thursday,Dinner,False,117,2342.62,5,6.0,1635.54
2024-08-02,Friday,Lunch,False,77,1566.77,4,3.0,695.18
2024-08-02,Friday,Dinner,False,130,2575.94,5,6.0,1635.54
2024-08-03,Saturday,Lunch,True,129,2317.51,4,4.0,837.13
2024-08-03,Saturday,Dinner,True,174,3573.17,5,8.0,1865.38
2024-08-04,Sunday,Lunch,True,50,1212.69,2,2.0,483.9
2024-08-04,Sunday,Dinner,True,96,1760.07,4,6.0,1485.54
2024-08-05,Monday,Lunch,False,31,603.02,1,2.0,318.56
2024-08-05,Monday,Dinner,False,70,1407.23,3,4.0,1105.69
2024-08-06,Tuesday,Lunch,False,43,791.53,2,2.0,418.56
2024-08-06,Tuesday,Dinner,False,89,1606.83,4,5.0,1370.62
2024-08-07,Wednesday,Lunch,False,71,1635.15,3,3.0,595.18
2024-08-07,Wednesday,Dinner,False,116,2447.59,5,6.0,1635.54
2024-08-08,Thursday,Lunch,False,67,1190.9,2,3.0,495.18
2024-08-08,Thursday,Dinner,False,88,1735.25,4,5.0,1370.62
2024-08-09,Friday,Lunch,False,72,1364.99,3,3.0,595.18
2024-08-09,Friday,Dinner,False,9999,2374.21,5,6.0,1635.54
2024-08-10,Saturday,Lunch,True,95,2248.8,4,4.0,837.13
2024-08-10,Saturday,Dinner,True,197,3612.04,5,8.0,1865.38
2024-08-11,Sunday,Lunch,True,57,1253.37,2,3.0,560.51
2024-08-11,Sunday,Dinner,True,146,2671.4,5,8.0,1865.38
2024-08-12,Monday,Lunch,False,43,774.18,2,2.0,418.56
2024-08-12,Monday,Dinner,False,93,1789.38,4,5.0,1370.62
2024-08-13,Tuesday,Lunch,False,40,774.25,1,2.0,318.56
2024-08-13,Tuesday,Dinner,False,94,2040.35,4,5.0,1370.62
2024-08-14,Wednesday,Lunch,False,32,599.39,1,2.0,318.56
2024-08-14,Wednesday,Dinner,False,70,1530.62,3,4.0,1105.69
2024-08-15,Thursday,Lunch,False,-10,588.17,1,2.0,318.56
2024-08-15,Thursday,Dinner,False,97,1959.71,5,5.0,1520.62
2024-08-16,Friday,Lunch,False,87,1745.83,4,4.0,771.79
2024-08-16,Friday,Dinner,False,130,2757.75,5,6.0,1635.54
2024-08-17,Saturday,Lunch,True,81,1586.57,4,3.0,760.51
2024-08-17,Saturday,Dinner,True,178,3198.94,5,8.0,1865.38
2024-08-18,Sunday,Lunch,True,59,1024.98,2,3.0,560.51
2024-08-18,Sunday,Dinner,True,118,2659.2,5,7.0,1750.46
2024-08-19,Monday,Lunch,False,31,669.93,1,2.0,318.56
2024-08-19,Monday,Dinner,False,68,1296.46,3,4.0,1105.69
2024-08-20,Tuesday,Lunch,False,45,886.46,2,2.0,418.56
2024-08-20,Tuesday,Dinner,False,62,1201.83,3,4.0,1105.69
2024-08-21,Wednesday,Lunch,False,39,655.88,1,2.0,318.56
2024-08-21,Wednesday,Dinner,False,87,1627.63,4,5.0,1370.62
2024-08-22,Thursday,Lunch,False,75,1362.74,3,3.0,595.18
2024-08-22,Thursday,Dinner,False,97,1709.63,4,5.0,1370.62
2024-08-23,Friday,Lunch,False,72,1708.15,3,3.0,595.18
2024-08-23,Friday,Dinner,False,138,2392.53,5,6.0,1635.54
2024-08-24,Saturday,Lunch,True,99,1885.22,4,4.0,837.13
2024-08-24,Saturday,Dinner,True,170,3069.21,5,8.0,1865.38
2024-08-25,Sunday,Lunch,True,54,1080.36,2,2.0,483.9
2024-08-25,Sunday,Dinner,True,121,2689.87,5,7.0,1750.46
2024-08-26,Monday,Lunch,False,33,608.43,1,2.0,318.56
2024-08-26,Monday,Dinner,False,66,1154.77,3,4.0,1105.69
2024-08-27,Tuesday,Lunch,False,29,582.33,1,1.0,241.95
2024-08-27,Tuesday,Dinner,False,82,1468.05,4,4.0,1255.69
2024-08-28,Wednesday,Lunch,False,47,803.52,2,2.0,418.56
2024-08-28,Wednesday,Dinner,False,80,1549.77,4,4.0,1255.69
2024-08-29,Thursday,Lunch,False,45,779.29,2,2.0,418.56
2024-08-29,Thursday,Dinner,False,96,1822.96,4,5.0,1370.62
2024-08-30,Friday,Lunch,False,93,1523.81,4,4.0,771.79
2024-08-30,Friday,Dinner,False,149,2718.99,5,7.0,1750.46
2024-08-31,Saturday,dinner,True,68,1190.91,2,3.0,560.51
2024-08-31,Saturday,Dinner,True,143,3329.01,5,7.0,1750.46
2024-09-01,Sunday,Lunch,True,63,997.47,2,3.0,560.51
2024-09-01,Sunday,Dinner,True,79,1397.28,4,5.0,1370.62
2024-09-02,Monday,Lunch,False,41,796.13,1,2.0,318.56
2024-09-02,Monday,Dinner,False,76,1386.5,4,4.0,1255.69
2024-09-03,Tuesday,Lunch,False,24,496.89,1,1.0,241.95
2024-09-03,Tuesday,Dinner,False,62,1100.15,3,4.0,1105.69
2024-09-04,Wednesday,Lunch,False,37,678.29,1,2.0,318.56
2024-09-04,Wednesday,Dinner,False,60,1209.84,3,4.0,1105.69
2024-09-05,Thursday,Lunch,False,51,1057.38,2,2.0,418.56
2024-09-05,Thursday,Dinner,False,73,1124.52,4,4.0,1255.69
2024-09-06,Friday,Lunch,False,65,1265.76,3,3.0,595.18
2024-09-06,Friday,Dinner,False,93,1982.67,4,5.0,1370.62
2024-09-07,Saturday,Lunch,True,90,1676.1,4,4.0,837.13
2024-09-07,Saturday,Dinner,True,121,2386.54,5,7.0,1750.46
2024-09-08,Sunday,Lunch,True,54,1212.88,2,2.0,483.9
2024-09-08,Sunday,Dinner,True,90,2045.31,4,6.0,1485.54
2024-09-09,Monday,Lunch,False,28,507.2,1,1.0,241.95
2024-09-09,Monday,Dinner,False,69,1120.34,3,4.0,1105.69
2024-09-10,Tuesday,Lunch,False,31,663.79,1,,318.56
2024-09-10,Tuesday,Dinner,False,71,1225.81,4,4.0,1255.69
2024-09-11,Wednesday,Lunch,False,36,677.51,1,2.0,318.56
2024-09-11,Wednesday,Dinner,False,38,857.65,3,3.0,990.77
2024-09-12,Thursday,Lunch,False,53,1107.97,2,2.0,418.56
2024-09-12,Thursday,Dinner,False,112,2074.57,5,5.0,1520.62
2024-09-13,Friday,Lunch,False,60,1254.75,2,3.0,495.18
2024-09-13,Friday,Dinner,False,123,2193.04,5,6.0,1635.54
2024-09-14,Saturday,Lunch,True,82,1778.45,4,3.0,760.51
2024-09-14,Saturday,Dinner,True,115,2054.49,5,6.0,1635.54
2024-09-15,Sunday,Lunch,True,41,812.3,1,2.0,383.9
2024-09-15,Sunday,Dinner,True,90,1704.33,4,6.0,1485.54
2024-09-16,Monday,Lunch,False,39,588.7,1,2.0,318.56
2024-09-16,Monday,Dinner,False,55,1013.81,3,3.0,990.77
2024-09-17,Tuesday,Lunch,False,43,763.84,2,2.0,418.56
2024-09-17,Tuesday,Dinner,False,91,1799.27,4,5.0,1370.62
2024-09-18,Wednesday,Lunch,False,40,829.9,1,2.0,318.56
2024-09-18,Wednesday,Dinner,False,92,1680.6,4,5.0,1370.62
2024-09-19,Thursday,Lunch,False,50,773.34,2,2.0,418.56
2024-09-19,Thursday,Dinner,False,92,1666.23,4,5.0,1370.62
2024-09-20,Friday,Lunch,False,74,1618.03,3,3.0,595.18
2024-09-20,Friday,Dinner,False,116,2054.52,5,6.0,1635.54
2024-09-21,Saturday,Lunch,True,79,1804.03,4,3.0,760.51
2024-09-21,Saturday,Dinner,True,121,2291.93,5,7.0,1750.46
2024-09-22,Sunday,Lunch,True,67,1277.83,2,3.0,560.51
2024-09-22,Sunday,Dinner,True,85,1391.11,4,5.0,1370.62
2024-09-23,Monday,Lunch,False,42,687.69,1,2.0,318.56
2024-09-23,Monday,Dinner,False,60,1251.15,3,4.0,1105.69
2024-09-24,Tuesday,Lunch,False,27,623.08,1,1.0,241.95
2024-09-24,Tuesday,Dinner,False,76,1271.56,4,4.0,1255.69
2024-09-25,Wednesday,Lunch,False,48,739.27,2,2.0,418.56
2024-09-25,Wednesday,Dinner,False,75,1520.97,4,4.0,1255.69
2024-09-26,Thursday,Lunch,False,47,970.4,2,2.0,418.56
2024-09-26,Thursday,Dinner,False,70,1326.79,3,4.0,1105.69
2024-09-27,Friday,Lunch,False,68,1432.68,3,3.0,595.18
2024-09-27,Friday,Dinner,False,120,2730.22,5,6.0,1635.54
2024-09-28,Saturday,Lunch,True,55,979.85,2,2.0,483.9
2024-09-28,Saturday,Dinner,True,76,1795.11,4,5.0,1370.62
2024-09-29,Sunday,Lunch,True,40,554.38,1,2.0,383.9
2024-09-29,Sunday,Dinner,True,84,1373.91,4,5.0,1370.62
2024-09-30,Monday,Lunch,False,40,638.67,1,2.0,318.56
2024-09-30,Monday,Dinner,False,56,984.52,3,4.0,1105.69
2024-10-01,Tuesday,Lunch,False,25,514.95,1,1.0,241.95
2024-10-01,Tuesday,Dinner,False,69,1509.22,3,4.0,1105.69
2024-10-02,Wednesday,Lunch,False,45,752.76,2,2.0,418.56
2024-10-02,Wednesday,Dinner,False,91,1609.61,4,5.0,1370.62
2024-10-03,Thursday,Lunch,False,35,639.98,1,2.0,318.56
2024-10-03,Thursday,Dinner,False,73,1373.56,4,4.0,1255.69
2024-10-04,Friday,Lunch,False,65,1392.52,3,3.0,595.18
2024-10-04,Friday,Dinner,False,139,2477.46,5,6.0,1635.54
2024-10-05,Saturday,Lunch,True,47,1117.56,2,2.0,483.9
2024-10-05,Saturday,Dinner,True,121,2115.85,5,7.0,1750.46
2024-10-06,Sunday,Lunch,True,63,1070.93,2,3.0,560.51
2024-10-06,Sunday,Dinner,True,116,2193.0,5,7.0,1750.46
2024-10-07,Monday,Lunch,False,35,875.91,1,2.0,318.56
2024-10-07,Monday,Dinner,False,56,1099.33,3,4.0,1105.69
2024-10-08,Tuesday,Lunch,False,31,536.14,1,2.0,318.56
2024-10-08,Tuesday,Dinner,False,56,981.63,3,4.0,1105.69
2024-10-09,Wednesday,Lunch,False,43,767.87,2,2.0,418.56
2024-10-09,Wednesday,Dinner,False,74,1562.81,4,4.0,1255.69
2024-10-10,Thursday,Lunch,False,66,1350.28,2,3.0,495.18
2024-10-10,Thursday,Dinner,False,133,2526.33,5,6.0,1635.54
2024-10-11,Friday,Lunch,False,63,1152.66,2,3.0,495.18
2024-10-11,Friday,Dinner,False,107,1860.67,5,5.0,1520.62
2024-10-12,Saturday,Lunch,True,59,1146.45,2,3.0,560.51
2024-10-12,Saturday,Dinner,True,124,2319.7,5,7.0,1750.46
2024-10-13,Sunday,Lunch,True,50,1028.4,2,2.0,483.9
2024-10-13,Sunday,Dinner,True,99,2041.17,4,6.0,1485.54
2024-10-14,Monday,Lunch,False,37,756.67,1,2.0,318.56
2024-10-14,Monday,Dinner,False,61,1434.84,3,4.0,1105.69
2024-10-15,Tuesday,Lunch,False,32,686.09,1,2.0,318.56
2024-10-15,Tuesday,Dinner,False,52,1033.53,3,3.0,990.77
2024-10-16,Wednesday,Lunch,False,47,915.65,2,2.0,418.56
2024-10-16,Wednesday,Dinner,False,92,1780.79,4,5.0,1370.62
2024-10-17,Thursday,Lunch,False,53,989.18,2,2.0,418.56
2024-10-17,Thursday,Dinner,False,80,1597.77,4,4.0,1255.69
2024-10-18,Friday,Lunch,False,74,1470.68,3,3.0,595.18
2024-10-18,Friday,Dinner,False,114,1901.54,5,5.0,1520.62
2024-10-19,Saturday,Lunch,True,69,1341.11,3,3.0,660.51
2024-10-19,Saturday,Dinner,True,107,2400.61,5,6.0,1635.54
2024-10-20,Sunday,Lunch,True,58,1055.91,2,3.0,560.51
2024-10-20,Sunday,Dinner,True,74,1473.47,4,5.0,1370.62
2024-10-21,Monday,Lunch,False,29,477.23,1,1.0,241.95
2024-10-21,Monday,Dinner,False,50,943.12,3,3.0,990.77
2024-10-22,Tuesday,Lunch,False,17,262.27,1,1.0,241.95
2024-10-22,Tuesday,Dinner,False,36,,3,3.0,990.77
2024-10-23,Wednesday,Lunch,False,33,491.87,1,2.0,318.56
2024-10-23,Wednesday,Dinner,False,77,1403.63,4,4.0,1255.69
2024-10-24,Thursday,Lunch,False,48,743.89,2,2.0,418.56
2024-10-24,Thursday,Dinner,False,73,1789.71,4,4.0,1255.69
2024-10-25,Friday,Lunch,False,83,1863.11,4,3.0,695.18
2024-10-25,Friday,Dinner,False,122,2690.43,5,6.0,1635.54
2024-10-26,Saturday,Lunch,True,111,1703.02,4,4.0,837.13
2024-10-26,Saturday,Dinner,True,119,2118.59,5,7.0,1750.46
2024-10-27,Sunday,Lunch,True,35,767.09,1,2.0,383.9
2024-10-27,Sunday,Dinner,True,66,1235.33,3,5.0,1220.62
2024-10-28,Monday,Lunch,False,28,732.71,1,1.0,241.95
2024-10-28,Monday,Dinner,False,55,1136.01,3,3.0,990.77
2024-10-29,Tuesday,Lunch,False,45,884.09,2,2.0,418.56
2024-10-29,Tuesday,Dinner,False,47,891.78,3,3.0,990.77
2024-10-30,Wednesday,Lunch,False,40,773.16,1,2.0,318.56
2024-10-30,Wednesday,Dinner,False,93,2066.31,4,5.0,1370.62
2024-10-31,Thursday,Lunch,False,31,782.93,1,2.0,318.56
2024-10-31,Thursday,Dinner,False,80,1208.32,4,4.0,1255.69
2024-11-01,Friday,Lunch,False,53,1089.1,2,2.0,418.56
2024-11-01,Friday,Dinner,False,117,2345.93,5,6.0,1635.54
2024-11-02,Saturday,Lunch,True,67,1222.48,3,3.0,660.51
2024-11-02,Saturday,Dinner,True,113,2160.53,5,6.0,1635.54
2024-11-03,Sunday,Lunch,True,63,949.96,2,3.0,560.51
2024-11-03,Sunday,Dinner,True,100,1956.62,5,6.0,1635.54
2024-11-04,Monday,Lunch,False,40,815.15,1,2.0,318.56
2024-11-04,Monday,Dinner,False,72,1434.15,4,4.0,1255.69
2024-11-05,Tuesday,Lunch,False,45,924.12,2,2.0,418.56
2024-11-05,Tuesday,Dinner,False,83,1256.2,4,4.0,1255.69
2024-11-06,Wednesday,Lunch,False,33,684.75,1,2.0,318.56
2024-11-06,Wednesday,Dinner,False,82,1770.54,4,4.0,1255.69
2024-11-07,Thursday,Lunch,False,37,713.11,1,2.0,318.56
2024-11-07,Thursday,Dinner,False,90,1815.6,4,5.0,1370.62
2024-11-08,Friday,Lunch,False,48,1081.13,2,2.0,418.56
2024-11-08,Friday,Dinner,False,99,1827.39,4,5.0,1370.62
2024-11-09,Saturday,Lunch,True,78,1366.85,4,3.0,760.51
2024-11-09,Saturday,Dinner,True,107,1823.91,5,6.0,1635.54
2024-11-10,Sunday,Lunch,True,49,935.06,2,2.0,483.9
2024-11-10,Sunday,Dinner,True,75,1399.16,4,5.0,1370.62
2024-11-11,Monday,Lunch,False,27,658.11,1,1.0,241.95
2024-11-11,Monday,Dinner,False,66,1289.72,3,4.0,1105.69
2024-11-12,Tuesday,Lunch,False,25,621.35,1,1.0,241.95
2024-11-12,Tuesday,Dinner,False,71,1257.72,4,4.0,1255.69
2024-11-13,Wednesday,Lunch,False,41,763.97,1,2.0,318.56
2024-11-13,Wednesday,Dinner,False,70,1047.46,3,4.0,1105.69
2024-11-14,Thursday,Lunch,False,53,1224.67,2,2.0,418.56
2024-11-14,Thursday,Dinner,False,85,1792.08,4,4.0,1255.69
2024-11-15,Friday,Lunch,False,100,1679.68,4,4.0,771.79
2024-11-15,Friday,Dinner,False,132,2454.18,5,6.0,1635.54
2024-11-16,Saturday,Lunch,True,56,912.16,2,3.0,560.51
2024-11-16,Saturday,Dinner,True,124,2341.45,5,7.0,1750.46
2024-11-17,Sunday,Lunch,True,46,904.23,2,2.0,483.9
2024-11-17,Sunday,Dinner,True,75,1458.03,4,5.0,1370.62
2024-11-18,Monday,Lunch,False,32,618.57,1,2.0,318.56
2024-11-18,Monday,Dinner,False,78,1688.04,4,4.0,1255.69
2024-11-19,Tuesday,Lunch,False,52,908.03,2,2.0,418.56
2024-11-19,Tuesday,Dinner,False,101,1854.75,4,5.0,1370.62
2024-11-20,Wednesday,Lunch,False,48,832.96,2,2.0,418.56
2024-11-20,Wednesday,Dinner,False,73,1511.05,4,4.0,1255.69
2024-11-21,Thursday,Lunch,False,36,648.04,1,2.0,318.56
2024-11-21,Thursday,Dinner,False,69,1307.61,3,4.0,1105.69
2024-11-22,Friday,Lunch,False,68,1334.06,3,3.0,595.18
2024-11-22,Friday,Dinner,False,93,1536.36,4,5.0,1370.62
2024-11-23,Saturday,Lunch,True,57,1154.45,2,3.0,560.51
2024-11-23,Saturday,Dinner,True,121,2894.82,5,7.0,1750.46
2024-11-24,Sunday,Lunch,True,55,1315.79,2,2.0,483.9
2024-11-24,Sunday,Dinner,True,100,1727.85,4,6.0,1485.54
2024-11-25,Monday,Lunch,False,38,661.94,1,2.0,318.56
2024-11-25,Monday,Dinner,False,70,1560.74,3,4.0,1105.69
2024-11-26,Tuesday,Lunch,False,44,873.98,2,2.0,418.56
2024-11-26,Tuesday,Dinner,False,96,2057.27,4,5.0,1370.62
2024-11-27,Wednesday,Lunch,False,39,768.05,1,2.0,318.56
2024-11-27,Wednesday,Dinner,False,115,2257.41,5,5.0,1520.62
2024-11-28,Thursday,Lunch,False,49,729.36,2,2.0,418.56
2024-11-28,Thursday,Dinner,False,92,1770.11,4,5.0,1370.62
2024-11-29,Friday,Lunch,False,72,1651.63,3,3.0,595.18
2024-11-29,Friday,Dinner,0,110,2232.96,5,5.0,1520.62
2024-11-30,Saturday,Lunch,True,52,1070.59,2,2.0,483.9
2024-11-30,Saturday,Dinner,True,96,1826.78,4,6.0,1485.54
2024-12-01,Sunday,Lunch,True,61,1379.36,2,3.0,560.51
2024-12-01,Sunday,Dinner,True,124,2621.67,5,7.0,1750.46
2024-12-02,Monday,Lunch,False,41,1036.41,1,2.0,318.56
2024-12-02,Monday,Dinner,False,71,1490.34,4,4.0,1255.69
2024-12-03,Tuesday,Lunch,False,44,969.23,2,2.0,418.56
2024-12-03,Tuesday,Dinner,False,96,1926.1,4,5.0,1370.62
2024-12-04,Wednesday,Lunch,False,64,1034.9,2,3.0,495.18
2024-12-04,Wednesday,Dinner,False,100,2024.07,4,5.0,1370.62
2024-12-05,Thursday,Lunch,False,50,1078.77,2,2.0,418.56
2024-12-05,Thursday,Dinner,False,108,1939.88,5,5.0,1520.62
2024-12-06,Friday,Lunch,False,59,1155.58,2,3.0,495.18
2024-12-06,Friday,Dinner,False,153,2870.67,5,7.0,1750.46
not_a_date,Saturday,Lunch,True,69,1230.47,2,3.0,560.51
2024-12-07,Saturday,Dinner,True,146,2291.05,5,8.0,1865.38
2024-12-08,Sunday,Lunch,True,58,1008.68,2,3.0,560.51
2024-12-08,Sunday,Dinner,True,110,2405.81,5,6.0,1635.54
2024-12-09,Monday,Lunch,False,22,587.78,1,1.0,241.95
2024-12-09,Monday,Dinner,False,56,1050.94,3,4.0,1105.69
2024-12-10,Tuesday,Lunch,False,44,1014.49,2,2.0,418.56
2024-12-10,Tuesday,Dinner,False,79,1605.12,4,4.0,1255.69
2024-12-11,Wednesday,Lunch,False,43,857.69,2,2.0,418.56
2024-12-11,Wednesday,Dinner,False,109,1669.86,5,5.0,1520.62
2024-12-12,Thursday,Lunch,False,64,1108.33,2,3.0,495.18
2025-02-30,Thursday,Dinner,False,114,2170.66,5,5.0,1520.62
2024-12-13,Friday,Lunch,False,72,1461.67,3,3.0,595.18
2024-12-13,Friday,Dinner,False,124,2405.2,5,6.0,1635.54
2024-12-14,Saturday,Lunch,True,80,1441.38,4,3.0,760.51
2024-12-14,Saturday,Dinner,True,147,2820.34,5,8.0,1865.38
2024-12-15,Sunday,Lunch,True,56,993.41,2,3.0,560.51
2024-12-15,Sunday,Dinner,True,112,1986.38,5,6.0,1635.54
2024-12-16,Monday,Lunch,False,42,694.07,1,2.0,318.56
2024-12-16,Monday,Dinner,False,65,960.49,3,4.0,1105.69
2024-12-17,Tuesday,Lunch,False,40,761.97,1,2.0,318.56
2024-12-17,Tuesday,Dinner,False,74,1431.87,4,4.0,1255.69
2024-12-18,Wednesday,Lunch,False,57,854.21,2,3.0,495.18
2024-12-18,Wednesday,Dinner,False,88,1424.66,4,5.0,1370.62
2024-12-19,Thursday,Lunch,False,58,1441.33,3,3.0,595.18
2024-12-19,Thursday,Dinner,False,130,2634.5,5,6.0,1635.54
2024-12-20,Friday,Lunch,False,108,2053.07,4,4.0,771.79
2024-12-20,Friday,Dinner,False,200,4081.84,5,7.0,1750.46
2024-12-21,Saturday,Lunch,True,96,1941.07,4,4.0,837.13
2024-12-21,Saturday,Dinner,True,143,2956.83,5,7.0,1750.46
2024-12-22,Sunday,Lunch,True,58,1259.25,2,3.0,560.51
2024-12-22,Sunday,Dinner,True,106,1958.36,5,6.0,1635.54
2024-12-23,Monday,Lunch,False,51,1115.75,2,2.0,418.56
2024-12-23,Monday,Dinner,False,91,2013.39,4,5.0,1370.62
2024-12-24,Tuesday,Lunch,False,66,1103.29,2,3.0,495.18
2024-12-24,Tuesday,Dinner,False,123,2628.33,5,6.0,1635.54
2024-12-25,Wednesday,Lunch,False,78,1418.29,4,3.0,695.18
2024-12-25,Wednesday,Dinner,False,136,2826.7,5,6.0,1635.54
2024-12-26,Thursday,Lunch,False,54,1125.09,2,2.0,418.56
2024-12-26,Thursday,Dinner,False,107,2336.47,5,5.0,1520.62
2024-12-27,Friday,Lunch,False,86,1821.65,4,4.0,771.79
2024-12-27,Friday,Dinner,False,175,3339.22,5,7.0,1750.46
2024-12-28,Saturday,Lunch,True,60,1252.77,2,3.0,560.51
2024-12-28,Saturday,Dinner,True,157,3261.29,5,8.0,1865.38
2024-12-29,Sunday,Lunch,True,67,1538.95,3,3.0,660.51
2024-12-29,Sunday,Dinner,True,104,2441.63,5,6.0,1635.54
2024-12-30,Monday,Lunch,False,47,911.28,2,2.0,418.56
2024-12-30,Monday,Dinner,False,93,1948.2,4,5.0,1370.62
2024-12-31,Tuesday,Lunch,False,78,1420.05,4,3.0,695.18
2024-12-31,Tuesday,Dinner,False,117,1796.67,5,6.0,1635.54
2025-01-01,Wednesday,Lunch,False,48,1240.44,2,2.0,418.56
2025-01-01,Wednesday,Dinner,False,75,1530.59,4,4.0,1255.69
2025-01-02,Thursday,Lunch,False,41,870.16,1,2.0,318.56
2025-01-02,Thursday,Dinner,False,91,1990.08,4,5.0,1370.62
2025-01-03,Friday,Lunch,False,42,713.39,1,2.0,318.56
2025-01-03,Friday,Dinner,False,79,1500.37,4,4.0,1255.69
2025-01-04,Saturday,Lunch,True,55,991.92,2,2.0,483.9
2025-01-04,Saturday,Dinner,True,103,1966.27,4,6.0,1485.54
2025-01-05,Sunday,Lunch,True,38,0.0,1,2.0,383.9
2025-01-05,Sunday,Dinner,True,78,1699.38,4,5.0,1370.62
2025-01-06,Monday,Lunch,False,33,752.81,1,2.0,318.56
2025-01-06,Monday,Dinner,False,56,1028.42,3,4.0,1105.69
2025-01-07,Tuesday,Lunch,False,30,412.2,1,1.0,241.95
2025-01-07,Tuesday,Dinner,False,54,1318.36,3,3.0,990.77
2025-01-08,Wednesday,Lunch,False,31,503.71,1,2.0,318.56
2025-01-08,Wednesday,Dinner,False,59,1045.54,3,4.0,1105.69
2025-01-09,Thursday,Lunch,False,44,833.67,2,2.0,418.56
2025-01-09,Thursday,Dinner,False,61,,3,4.0,1105.69
2025-01-10,Friday,Lunch,False,81,1463.5,4,3.0,695.18
2025-01-10,Friday,Dinner,False,109,2163.21,5,5.0,1520.62
2025-01-11,Saturday,Lunch,True,51,1288.34,2,2.0,483.9
2025-01-11,Saturday,Dinner,True,69,1612.84,3,5.0,1220.62
2025-01-12,Sunday,Lunch,True,44,759.75,2,2.0,483.9
2025-01-12,Sunday,Dinner,True,69,1340.2,3,5.0,1220.62
2025-01-13,Monday,Lunch,False,19,360.58,1,1.0,241.95
2025-01-13,Monday,Dinner,False,46,801.86,3,3.0,990.77
2025-01-14,Tuesday,Lunch,False,32,630.43,1,2.0,318.56
2025-01-14,Tuesday,Dinner,False,49,907.28,3,3.0,990.77
2025-01-15,Wednesday,Lunch,False,45,771.73,2,2.0,418.56
2025-01-15,Wednesday,Dinner,False,69,1341.71,3,4.0,1105.69
2025-01-16,Thursday,Lunch,False,55,962.11,2,2.0,418.56
2025-01-16,Thursday,Dinner,False,52,1049.04,3,3.0,990.77
2025-01-17,Friday,Lunch,False,50,1217.11,2,2.0,418.56
2025-01-17,Friday,Dinner,False,95,2025.61,5,5.0,1520.62
2025-01-18,Saturday,dinner,True,63,1112.43,2,3.0,560.51
2025-01-18,Saturday,Dinner,True,93,1951.7,4,6.0,1485.54
2025-01-19,Sunday,Lunch,True,38,740.5,1,2.0,383.9
2025-01-19,Sunday,Dinner,True,81,1399.34,4,5.0,1370.62
2025-01-20,Monday,Lunch,False,26,538.6,1,1.0,241.95
2025-01-20,Monday,Dinner,False,54,1152.83,3,3.0,990.77
2025-01-21,Tuesday,Lunch,False,30,564.12,1,1.0,241.95
2025-01-21,Tuesday,Dinner,False,61,1309.0,3,4.0,1105.69
2025-01-22,Wednesday,Lunch,False,28,508.78,1,1.0,241.95
2025-01-22,Wednesday,Dinner,False,95,1875.26,4,5.0,1370.62
2025-01-23,Thursday,Lunch,False,27,583.93,1,1.0,241.95
2025-01-23,Thursday,Dinner,False,64,966.96,3,4.0,1105.69
2025-01-24,Friday,Lunch,False,42,687.63,1,2.0,318.56
2025-01-24,Friday,Dinner,False,75,1988.9,4,4.0,1255.69
2025-01-25,Saturday,Lunch,True,63,1345.64,3,3.0,660.51
2025-01-25,Saturday,Dinner,True,91,1767.32,4,6.0,1485.54
2025-01-26,Sunday,Lunch,True,39,975.98,1,2.0,383.9
2025-01-26,Sunday,Dinner,True,84,2091.16,4,5.0,1370.62
2025-01-27,Monday,Lunch,False,30,597.22,1,1.0,241.95
2025-01-27,Monday,Dinner,False,56,1111.72,3,4.0,1105.69
2025-01-28,Tuesday,Lunch,False,24,524.45,1,1.0,241.95
2025-01-28,Tuesday,Dinner,False,54,1258.15,3,3.0,990.77
2025-01-29,Wednesday,Lunch,False,31,630.95,1,2.0,318.56
2025-01-29,Wednesday,Dinner,False,75,1759.41,4,4.0,1255.69
2025-01-30,Thursday,Lunch,False,37,687.85,1,2.0,318.56
2025-01-30,Thursday,Dinner,False,66,1145.26,3,4.0,1105.69
2025-01-31,Friday,Lunch,False,47,845.54,2,2.0,418.56
2025-01-31,Friday,Dinner,False,95,1869.77,4,5.0,1370.62
2025-02-01,Saturday,Lunch,True,67,1399.41,3,3.0,660.51
2025-02-01,Saturday,Dinner,True,107,2375.84,5,6.0,1635.54
2025-02-02,Sunday,Lunch,True,41,738.29,1,2.0,383.9
2025-02-02,Sunday,Dinner,True,66,1149.42,3,5.0,1220.62
2025-02-03,Monday,Lunch,False,23,387.55,1,1.0,241.95
2025-02-03,Monday,Dinner,False,45,1059.92,3,3.0,990.77
2025-02-04,Tuesday,Lunch,False,34,735.87,1,2.0,318.56
2025-02-04,Tuesday,Dinner,False,54,1136.95,3,3.0,990.77
2025-02-05,Wednesday,Lunch,False,23,397.12,1,1.0,241.95
2025-02-05,Wednesday,Dinner,False,62,1405.63,3,4.0,1105.69
2025-02-06,Thursday,Lunch,False,29,451.03,1,1.0,241.95
2025-02-06,Thursday,Dinner,False,87,1385.42,4,5.0,1370.62
2025-02-07,Friday,Lunch,False,45,783.24,2,2.0,418.56
2025-02-07,Friday,Dinner,False,66,1514.59,3,4.0,1105.69
2025-02-08,Saturday,Lunch,True,75,1373.65,3,3.0,660.51
2025-02-08,Saturday,Dinner,True,88,1396.4,4,6.0,1485.54
2025-02-09,Sunday,Lunch,0,50,1017.55,2,2.0,483.9
2025-02-09,Sunday,Dinner,True,73,1521.85,4,5.0,1370.62
2025-02-10,Monday,Lunch,False,36,498.09,1,2.0,318.56
2025-02-10,Monday,Dinner,False,50,1075.16,3,3.0,990.77
2025-02-11,Tuesday,Lunch,False,40,772.16,1,2.0,318.56
2025-02-11,Tuesday,Dinner,False,55,1009.55,3,3.0,990.77
2025-02-12,Wednesday,Lunch,False,31,654.83,1,2.0,318.56
2025-02-12,Wednesday,Dinner,False,71,1353.82,4,4.0,1255.69
2025-02-13,Thursday,Lunch,False,59,1279.37,2,3.0,495.18
2025-02-13,Thursday,Dinner,False,69,1560.71,3,4.0,1105.69
2025-02-14,Friday,Lunch,False,64,1332.26,2,3.0,495.18
2025-02-14,Friday,Dinner,False,167,3207.09,5,7.0,1750.46
2025-02-15,Saturday,Lunch,True,35,619.27,1,2.0,383.9
2025-02-15,Saturday,Dinner,True,77,1304.36,4,5.0,1370.62
2025-02-16,Sunday,Lunch,True,48,869.89,2,2.0,483.9
2025-02-16,Sunday,Dinner,True,58,1187.75,3,5.0,1220.62
2025-02-17,Monday,Lunch,False,26,487.72,1,1.0,241.95
2025-02-17,Monday,Dinner,False,67,1164.02,3,4.0,1105.69
2025-02-18,Tuesday,Lunch,False,39,841.49,1,2.0,318.56
2025-02-18,Tuesday,Dinner,False,54,867.97,3,3.0,990.77
2025-02-19,Wednesday,Lunch,False,33,906.94,1,2.0,318.56
2025-02-19,Wednesday,Dinner,False,89,1446.45,4,5.0,1370.62
2025-02-20,Thursday,Lunch,False,54,1097.43,2,2.0,418.56
2025-02-20,Thursday,Dinner,False,91,1664.32,4,5.0,1370.62
2025-02-21,Friday,Lunch,False,65,1278.64,2,3.0,495.18
2025-02-21,Friday,Dinner,False,111,2193.68,5,5.0,1520.62
2025-02-22,Saturday,Lunch,True,39,731.81,1,2.0,383.9
2025-02-22,Saturday,Dinner,True,83,1536.36,4,5.0,1370.62
2025-02-23,Sunday,Lunch,True,44,887.46,2,2.0,483.9
2025-02-23,Sunday,Dinner,True,87,0.0,4,6.0,1485.54
2025-02-24,Monday,Lunch,False,31,610.88,1,2.0,318.56
2025-02-24,Monday,Dinner,False,51,1069.01,3,3.0,990.77
2025-02-25,Tuesday,Lunch,False,33,641.39,1,2.0,318.56
2025-02-25,Tuesday,Dinner,False,66,1463.31,3,4.0,1105.69
2025-02-26,Wednesday,Lunch,False,52,1216.44,2,2.0,418.56
2025-02-26,Wednesday,Dinner,False,66,1326.57,3,4.0,1105.69
2025-02-27,Thursday,Lunch,False,45,722.13,2,2.0,418.56
2025-02-27,Thursday,Dinner,False,67,1287.32,3,4.0,1105.69
2025-02-28,Friday,Lunch,False,74,1695.1,3,3.0,595.18
2025-02-28,Friday,Dinner,False,128,2334.16,5,6.0,1635.54
2025-03-01,Saturday,Lunch,True,75,1413.59,3,3.0,660.51
2025-03-01,Saturday,Dinner,True,103,2604.09,5,6.0,1635.54
2025-03-02,Sunday,Lunch,True,43,1000.23,2,2.0,483.9
2025-03-02,Sunday,Dinner,True,95,2249.38,5,6.0,1635.54
2025-03-03,Monday,Lunch,False,33,599.27,1,2.0,318.56
2025-03-03,Monday,Dinner,False,59,986.01,3,4.0,1105.69
2025-03-04,Tuesday,Lunch,False,26,458.71,1,1.0,241.95
2025-03-04,Tuesday,Dinner,False,60,997.89,3,4.0,1105.69
2025-03-05,Wednesday,Lunch,False,32,769.1,1,2.0,318.56
2025-03-05,Wednesday,Dinner,False,101,2078.81,4,5.0,1370.62
2025-03-06,Thursday,Lunch,False,45,966.44,2,2.0,418.56
2025-03-06,Thursday,Dinner,False,104,2144.17,4,5.0,1370.62
2025-03-07,Friday,Lunch,False,61,1361.19,2,3.0,495.18
2025-03-07,Friday,Dinner,False,75,1666.34,4,4.0,1255.69
2025-03-08,Saturday,Lunch,True,83,1433.86,4,3.0,760.51
2025-03-08,Saturday,Dinner,True,139,2648.66,5,7.0,1750.46
2025-03-09,Sunday,Lunch,True,56,1264.15,2,3.0,560.51
2025-03-09,Sunday,Dinner,True,69,1411.32,3,5.0,1220.62
2025-03-10,Monday,Lunch,False,49,786.58,2,2.0,418.56
2025-03-10,Monday,Dinner,False,66,1460.7,3,4.0,1105.69
2025-03-11,Tuesday,Lunch,False,40,839.2,1,2.0,318.56
2025-03-11,Tuesday,Dinner,False,82,1621.03,4,4.0,1255.69
2025-03-12,Wednesday,Lunch,False,42,755.24,1,2.0,318.56
2025-03-12,Wednesday,Dinner,False,87,1598.01,4,5.0,1370.62
2025-03-13,Thursday,Lunch,False,64,1437.05,3,3.0,595.18
2025-03-13,Thursday,Dinner,False,88,1938.67,4,5.0,1370.62
2025-03-14,Friday,Lunch,False,81,1591.09,4,3.0,695.18
2025-03-14,Friday,Dinner,False,110,1956.44,5,5.0,1520.62
2025-03-15,Saturday,Lunch,True,81,1174.92,4,3.0,760.51
2025-03-15,Saturday,Dinner,True,97,1823.79,4,6.0,1485.54
2025-03-16,Sunday,Lunch,True,50,977.66,2,2.0,483.9
2025-03-16,Sunday,Dinner,True,95,1766.03,4,6.0,1485.54
2025-03-17,Monday,Lunch,False,27,633.03,1,1.0,241.95
2025-03-17,Monday,Dinner,False,57,1258.4,3,4.0,1105.69
2025-03-18,Tuesday,Lunch,False,41,805.53,1,2.0,318.56
2025-03-18,Tuesday,Dinner,False,74,1324.21,4,4.0,1255.69
2025-03-19,Wednesday,Lunch,False,31,729.27,1,2.0,318.56
2025-03-19,Wednesday,Dinner,False,93,1512.25,4,5.0,1370.62
2025-03-20,Thursday,Lunch,False,56,836.2,2,3.0,495.18
2025-03-20,Thursday,Dinner,False,120,2348.55,5,6.0,1635.54
2025-03-21,Friday,Lunch,False,77,1814.2,4,3.0,695.18
2025-03-21,Friday,Dinner,False,101,1597.83,4,5.0,1370.62
2025-03-22,Saturday,Lunch,True,69,1438.5,3,3.0,660.51
2025-03-22,Saturday,Dinner,True,104,2113.64,4,6.0,1485.54
2025-03-23,Sunday,Lunch,True,51,1014.85,2,2.0,483.9
2025-03-23,Sunday,Dinner,True,82,1759.93,4,5.0,1370.62
2025-03-24,Monday,Lunch,False,30,554.69,1,1.0,241.95
2025-03-24,Monday,Dinner,False,52,1081.33,3,3.0,990.77
2025-03-25,Tuesday,Lunch,False,37,735.62,1,2.0,318.56
2025-03-25,Tuesday,Dinner,False,84,1546.73,4,4.0,1255.69
2025-03-26,Wednesday,Lunch,False,43,822.86,2,2.0,418.56
2025-03-26,Wednesday,Dinner,False,83,1822.97,4,4.0,1255.69
2025-03-27,Thursday,Lunch,False,41,856.47,1,2.0,318.56
2025-03-27,Thursday,Dinner,False,87,1497.29,4,5.0,1370.62
2025-03-28,Friday,Lunch,False,62,1218.47,2,3.0,495.18
2025-03-28,Friday,Dinner,False,122,2586.29,5,6.0,1635.54
2025-03-29,Saturday,Lunch,True,73,1269.0,3,3.0,660.51
2025-03-29,Saturday,Dinner,True,108,2121.83,5,6.0,1635.54
2025-03-30,Sunday,Lunch,True,42,754.49,1,2.0,383.9
2025-03-30,Sunday,Dinner,True,87,1585.61,4,6.0,1485.54
2025-03-31,Monday,Lunch,False,58,1060.37,2,3.0,495.18
2025-03-31,Monday,Dinner,False,53,1051.7,3,3.0,990.77
2025-04-01,Tuesday,Lunch,False,38,537.17,1,2.0,318.56
2025-04-01,Tuesday,Dinner,False,76,1457.96,4,4.0,1255.69
2025-04-02,Wednesday,Lunch,False,55,1048.74,2,2.0,418.56
2025-04-02,Wednesday,Dinner,False,112,2645.6,5,5.0,1520.62
2025-04-03,Thursday,Lunch,False,53,1002.53,2,2.0,418.56
2025-04-03,Thursday,Dinner,False,104,1949.1,5,5.0,1520.62
2025-04-04,Friday,Lunch,False,39,500000.0,1,2.0,318.56
2025-04-04,Friday,Dinner,False,106,2290.07,5,5.0,1520.62
2025-04-05,Saturday,Lunch,True,101,2048.86,4,4.0,837.13
2025-04-05,Saturday,Dinner,True,114,2605.0,5,6.0,1635.54
2025-04-06,Sunday,Lunch,yes,57,1045.03,2,,560.51
2025-04-06,Sunday,Dinner,True,93,1658.86,4,6.0,1485.54
2025-04-07,Monday,Lunch,False,33,772.83,1,2.0,318.56
2025-04-07,Monday,Dinner,False,82,1624.49,4,4.0,1255.69
2025-04-08,Tuesday,Lunch,False,34,650.05,1,2.0,318.56
2025-04-08,Tuesday,Dinner,False,61,1181.66,3,4.0,1105.69
2025-04-09,Wednesday,Lunch,False,42,855.09,1,2.0,318.56
2025-04-09,Wednesday,Dinner,False,83,1301.99,4,4.0,1255.69
2025-04-10,Thursday,Lunch,False,57,1041.86,2,3.0,495.18
2025-04-10,Thursday,Dinner,False,138,2318.44,5,6.0,1635.54
2025-04-11,Friday,Lunch,False,74,1252.43,2,3.0,495.18
2025-04-11,Friday,Dinner,False,136,2493.71,5,6.0,1635.54
2025-04-12,Saturday,Lunch,True,69,1293.09,2,3.0,560.51
2025-04-12,Saturday,Dinner,True,161,2888.11,5,8.0,1865.38
2025-04-13,Sunday,Lunch,True,55,889.88,2,2.0,483.9
2025-04-13,Sunday,Dinner,True,73,1412.04,4,5.0,1370.62
2025-04-14,Monday,Lunch,False,25,648.44,1,1.0,241.95
2025-04-14,Monday,Dinner,False,62,1089.12,3,4.0,1105.69
2025-04-15,Tuesday,Lunch,False,41,851.59,1,2.0,318.56
2025-04-15,Tuesday,Dinner,False,59,1267.31,3,4.0,1105.69
2025-04-16,Wednesday,Lunch,False,34,678.39,1,2.0,318.56
2025-04-16,Wednesday,Dinner,False,104,2461.77,5,5.0,1520.62
2025-04-17,Thursday,Lunch,False,48,1097.11,2,2.0,418.56
2025-04-17,Thursday,Dinner,False,87,1624.23,4,5.0,1370.62
2025-04-18,Friday,Lunch,False,43,,2,2.0,418.56
2025-04-18,Friday,Dinner,False,98,1579.04,4,5.0,1370.62
2025-04-19,Saturday,Lunch,True,67,1335.22,3,3.0,660.51
2025-04-19,Saturday,Dinner,True,109,1988.56,5,6.0,1635.54
2025-04-20,Sunday,Lunch,True,57,1019.97,2,3.0,560.51
2025-04-20,Sunday,Dinner,True,126,2844.73,5,7.0,1750.46
2025-04-21,Monday,Lunch,False,49,1021.93,2,2.0,418.56
2025-04-21,Monday,Dinner,False,73,1390.14,4,4.0,1255.69
2025-04-22,Tuesday,Lunch,False,32,632.18,1,2.0,318.56
2025-04-22,Tuesday,Dinner,False,67,1271.94,3,4.0,1105.69
2025-04-23,Wednesday,Lunch,False,51,905.04,2,2.0,418.56
2025-04-23,Wednesday,Dinner,False,78,1549.21,4,4.0,1255.69
2025-04-24,Thursday,Lunch,False,41,1028.95,1,2.0,318.56
2025-04-24,Thursday,Dinner,False,97,1772.31,4,5.0,1370.62
2025-04-25,Friday,Lunch,False,79,1642.33,4,3.0,695.18
2025-04-25,Friday,Dinner,False,119,2340.14,5,6.0,1635.54
2025-04-26,Saturday,Lunch,True,71,1362.32,3,3.0,660.51
2025-04-26,Saturday,Dinner,True,122,2510.09,5,7.0,1750.46
2025-04-27,Sunday,Lunch,True,45,966.71,2,2.0,483.9
2025-04-27,Sunday,Dinner,True,92,1794.97,4,,1485.54
2025-04-28,Monday,Lunch,False,32,687.86,1,2.0,318.56
2025-04-28,Monday,Dinner,False,70,1479.56,3,4.0,1105.69
2025-04-29,Tuesday,Lunch,False,28,,1,1.0,241.95
2025-04-29,Tuesday,Dinner,False,62,1391.47,3,4.0,1105.69
2025-04-30,Wednesday,Lunch,False,38,994.49,1,2.0,318.56
2025-04-30,Wednesday,Dinner,False,62,1053.7,3,4.0,1105.69
2025-05-01,Thursday,Lunch,False,53,1195.64,2,2.0,418.56
2025-05-01,Thursday,Dinner,False,86,1546.15,4,5.0,1370.62
2025-05-02,Friday,Lunch,False,68,1472.29,3,3.0,595.18
2025-05-02,Friday,Dinner,False,114,2440.07,5,5.0,1520.62
2025-05-03,Saturday,dinner,True,50,913.17,2,2.0,483.9
2025-05-03,Saturday,Dinner,True,121,2172.72,5,7.0,1750.46
2025-05-04,Sunday,Lunch,True,85,1485.63,4,3.0,760.51
2025-05-04,Sunday,Dinner,True,96,2114.4,4,6.0,1485.54
2025-05-05,Monday,Lunch,False,42,748.51,1,2.0,318.56
2025-02-30,Monday,Dinner,False,67,-200.0,3,4.0,1105.69
2025-05-06,Tuesday,Lunch,False,33,768.3,1,2.0,318.56
2025-05-06,Tuesday,Dinner,False,86,1892.98,4,5.0,1370.62
2025-05-07,Wednesday,DINNER,False,38,748.96,1,2.0,318.56
2025-05-07,Wednesday,Dinner,False,86,1627.72,4,5.0,1370.62
2025-05-08,Thursday,Lunch,False,52,1121.78,2,2.0,418.56
2025-05-08,Thursday,Dinner,False,114,2465.16,5,5.0,1520.62
2025-05-09,Friday,Lunch,False,74,1541.66,3,3.0,595.18
2025-05-09,Friday,Dinner,False,126,2649.81,5,6.0,1635.54
2025-05-10,Saturday,Lunch,True,80,1507.16,4,3.0,760.51
2025-05-10,Saturday,Dinner,True,123,2260.7,5,7.0,1750.46
2025-05-11,Sunday,Lunch,True,49,993.89,2,2.0,483.9
2025-05-11,Sunday,Dinner,True,82,1627.12,4,5.0,1370.62
2025-05-12,Monday,Lunch,False,35,617.64,1,2.0,318.56
2025-05-12,Monday,Dinner,False,86,1677.77,4,5.0,1370.62
2025-05-13,Tuesday,Lunch,False,43,858.28,2,2.0,418.56
2025-05-13,Tuesday,Dinner,False,65,1172.61,3,4.0,1105.69
2025-05-14,Wednesday,Lunch,False,48,753.59,2,2.0,418.56
2025-05-14,Wednesday,Dinner,False,66,1481.21,3,4.0,1105.69
2025-05-15,Thursday,Lunch,False,56,857.11,2,3.0,495.18
2025-05-15,Thursday,Dinner,False,86,2384.81,4,5.0,1370.62
2025-05-16,Friday,Lunch,False,68,1328.51,3,3.0,595.18
2025-05-16,Friday,Dinner,False,134,2483.39,5,6.0,1635.54
2025-05-17,Saturday,Lunch,True,64,1183.48,2,3.0,560.51
2025-05-17,Saturday,Dinner,True,101,1914.05,4,6.0,1485.54
2025-05-18,Sunday,Lunch,True,45,1164.46,2,2.0,483.9
2025-05-18,Sunday,Dinner,True,124,2542.22,5,7.0,1750.46
2025-05-19,Monday,Lunch,False,55,1014.1,2,2.0,418.56
2025-05-19,Monday,Dinner,False,86,1613.26,4,5.0,1370.62
2025-05-20,Tuesday,Lunch,False,40,696.94,1,2.0,318.56
2025-05-20,Tuesday,Dinner,False,86,1868.2,4,5.0,1370.62
,Wednesday,Lunch,False,59,862.15,2,3.0,495.18
2025-05-21,Wednesday,Dinner,False,104,1805.35,4,5.0,1370.62
2025-05-22,Thursday,Lunch,False,44,752.2,2,2.0,418.56
2025-05-22,Thursday,Dinner,False,90,1808.6,4,5.0,1370.62
2025-05-23,Friday,Lunch,False,69,1414.34,3,3.0,595.18
2025-05-23,Friday,Dinner,False,132,2720.62,5,6.0,1635.54
2025-05-24,Saturday,Lunch,True,64,1330.63,3,3.0,660.51
2025-05-24,Saturday,Dinner,True,161,3200.93,5,8.0,1865.38
2025-05-25,Sunday,Lunch,True,60,1243.75,2,3.0,560.51
2025-05-25,Sunday,Dinner,True,93,1717.3,4,6.0,1485.54
2025-05-26,Monday,Lunch,False,41,806.16,1,2.0,318.56
2025-05-26,Monday,Dinner,False,68,1222.38,3,4.0,1105.69
2025-05-27,Tuesday,Lunch,False,28,624.98,1,1.0,241.95
2025-05-27,Tuesday,Dinner,False,76,1314.33,4,4.0,1255.69
2025-05-28,Wednesday,Lunch,False,53,1084.98,2,2.0,418.56
2025-05-28,Wednesday,Dinner,False,74,1472.25,4,4.0,1255.69
2025-05-29,Thursday,Lunch,False,38,523.65,1,2.0,318.56
2025-05-29,Thursday,Dinner,False,90,2094.39,4,5.0,1370.62
2025-05-30,Friday,Lunch,False,61,1137.57,2,3.0,495.18
2025-05-30,Friday,Dinner,False,126,2609.5,5,6.0,1635.54
2025-05-31,Saturday,Lunch,True,112,1891.52,4,4.0,837.13
2025-05-31,Saturday,Dinner,True,190,3881.83,5,8.0,1865.38
2025-06-01,Sunday,Lunch,True,61,1147.55,2,3.0,560.51
2025-06-01,Sunday,Dinner,True,82,1745.04,4,5.0,1370.62
2025-06-02,Monday,Lunch,False,48,978.06,2,2.0,418.56
2025-06-02,Monday,Dinner,False,103,1774.13,4,5.0,1370.62
2025-06-03,Tuesday,Lunch,False,53,1071.08,2,2.0,418.56
2025-06-03,Tuesday,Dinner,False,83,1722.28,4,4.0,1255.69
2025-06-04,Wednesday,Lunch,False,54,1060.66,2,2.0,418.56
2025-06-04,Wednesday,Dinner,False,83,,4,4.0,1255.69
2025-06-05,Thursday,Lunch,False,41,851.29,1,2.0,318.56
2025-06-05,Thursday,Dinner,False,84,1769.26,4,4.0,1255.69
2025-06-06,Friday,Lunch,False,79,1604.01,4,3.0,695.18
2025-06-06,Friday,Dinner,False,145,2529.71,5,6.0,1635.54
2025-06-07,Saturday,Lunch,True,77,1479.65,4,3.0,760.51
2025-06-07,Saturday,Dinner,True,187,3518.09,5,8.0,1865.38
2025-06-08,Sunday,Lunch,True,75,1594.34,3,3.0,660.51
2025-06-08,Sunday,Dinner,True,100,1836.15,4,6.0,1485.54
2025-06-09,Monday,Lunch,False,26,467.46,1,1.0,241.95
2025-06-09,Monday,Dinner,False,103,1937.15,5,5.0,1520.62
2025-06-10,Tuesday,Lunch,False,61,1073.65,2,3.0,495.18
2025-06-10,Tuesday,Dinner,False,77,1764.4,4,4.0,1255.69
2025-06-11,Wednesday,Lunch,False,52,979.86,2,2.0,418.56
2025-06-11,Wednesday,Dinner,False,101,2299.76,5,5.0,1520.62
2025-06-12,Thursday,Lunch,False,54,1129.35,2,2.0,418.56
2025-06-12,Thursday,Dinner,False,130,2652.69,5,6.0,1635.54
2025-06-13,Friday,Lunch,False,70,1507.19,3,3.0,595.18
2025-06-13,Friday,Dinner,False,128,2237.96,5,6.0,1635.54
2025-06-14,Saturday,Lunch,True,85,1945.02,4,3.0,760.51
2025-06-14,Saturday,Dinner,True,156,3179.35,5,8.0,1865.38
2025-06-15,Sunday,Lunch,True,61,1146.61,2,3.0,560.51
2025-06-15,Sunday,Dinner,True,85,1376.11,4,5.0,1370.62
2025-06-16,Monday,Lunch,False,44,742.31,2,2.0,418.56
2025-06-16,Monday,Dinner,False,96,1621.49,4,5.0,1370.62
2025-06-17,Tuesday,Lunch,False,49,1155.73,2,2.0,418.56
2025-06-17,Tuesday,Dinner,False,82,1594.47,4,4.0,1255.69
2025-06-18,Wednesday,Lunch,False,62,1130.01,2,3.0,495.18
2025-06-18,Wednesday,Dinner,False,100,1842.97,4,5.0,1370.62
2025-06-19,Thursday,Lunch,False,60,1210.93,2,3.0,495.18
2025-06-19,Thursday,Dinner,False,110,2255.84,5,5.0,1520.62
2025-06-20,Friday,Lunch,False,78,1547.96,4,3.0,695.18
2025-06-20,Friday,Dinner,False,135,2608.43,5,6.0,1635.54
2025-06-21,Saturday,Lunch,True,94,1752.87,4,4.0,837.13
2025-06-21,Saturday,Dinner,True,141,2626.65,5,7.0,1750.46
2025-06-22,Sunday,Lunch,True,72,1218.67,2,3.0,560.51
2025-06-22,Sunday,Dinner,True,119,2264.64,5,7.0,1750.46
2025-06-23,Monday,Lunch,False,35,480.71,1,2.0,318.56
2025-06-23,Monday,Dinner,False,75,1516.37,4,4.0,1255.69
2025-06-24,Tuesday,Lunch,False,42,687.24,1,2.0,318.56
2025-06-24,Tuesday,Dinner,False,87,1851.29,4,5.0,1370.62
2025-06-25,Wednesday,Lunch,False,48,744.9,2,2.0,418.56
2025-06-25,Wednesday,Dinner,False,89,1585.41,4,5.0,1370.62
2025-06-26,Thursday,Lunch,False,80,1257.04,4,3.0,695.18
2025-06-26,Thursday,Dinner,False,86,1607.72,4,5.0,1370.62
2025-06-27,Friday,Lunch,False,112,2393.81,4,4.0,771.79
2025-06-27,Friday,Dinner,False,179,3704.74,5,7.0,1750.46
2025-06-28,Saturday,Lunch,True,72,1573.9,3,3.0,660.51
2025-06-28,Saturday,Dinner,True,137,2640.9,5,7.0,1750.46
2025-06-29,Sunday,Lunch,True,51,1032.94,2,2.0,483.9
2025-06-29,Sunday,Dinner,True,122,2200.98,5,7.0,1750.46
2025-06-30,Monday,Lunch,False,46,788.67,2,2.0,418.56
2025-06-30,Monday,Dinner,False,65,1593.83,3,4.0,1105.69
2025-07-01,Tuesday,Lunch,False,42,768.76,1,2.0,318.56
2025-07-01,Tuesday,Dinner,False,81,1531.01,4,4.0,1255.69
2025-07-02,Wednesday,Lunch,False,80,1552.96,4,3.0,695.18
2025-07-02,Wednesday,Dinner,False,84,1316.05,4,4.0,1255.69
2025-07-03,Thursday,Lunch,False,67,1366.52,2,3.0,495.18
2025-07-03,Thursday,Dinner,False,96,1994.39,4,5.0,1370.62
2025-07-04,Friday,Lunch,False,75,1374.69,3,3.0,595.18
2025-07-04,Friday,Dinner,False,121,2364.28,5,6.0,1635.54
2025-07-05,Saturday,Lunch,True,83,1413.44,4,3.0,760.51
2025-07-05,Saturday,Dinner,True,177,2898.24,5,8.0,1865.38
2025-07-06,Sunday,Lunch,True,70,1255.52,3,3.0,660.51
2025-07-06,Sunday,Dinner,True,103,2293.16,5,6.0,1635.54
2025-07-07,Monday,Lunch,False,45,885.86,2,2.0,418.56
2025-07-07,Monday,Dinner,False,121,2302.4,5,6.0,1635.54
2025-07-08,Tuesday,Lunch,False,32,764.66,1,2.0,318.56
2025-07-08,Tuesday,Dinner,False,76,1330.29,4,4.0,1255.69
2025-07-09,Wednesday,Lunch,False,55,980.58,2,2.0,418.56
2025-07-09,Wednesday,Dinner,False,92,1737.59,4,5.0,1370.62
2025-07-10,Thursday,Lunch,False,96,2154.67,4,4.0,771.79
2025-07-10,Thursday,Dinner,False,135,2658.02,5,6.0,1635.54
2025-07-11,Friday,Lunch,False,108,2368.18,4,4.0,771.79
2025-07-11,Friday,Dinner,False,158,2961.2,5,7.0,1750.46
2025-07-12,Saturday,Lunch,True,112,2228.84,4,4.0,837.13
2025-07-12,Saturday,Dinner,True,174,3213.85,5,8.0,1865.38
2025-07-13,Sunday,DINNER,True,66,1068.2,2,3.0,560.51
2025-07-13,Sunday,Dinner,True,118,2361.73,5,7.0,1750.46
2025-07-14,Monday,Lunch,False,37,702.04,1,2.0,318.56
2025-07-14,Monday,Dinner,False,103,1949.88,4,5.0,1370.62
2025-07-15,Tuesday,Lunch,False,47,1087.06,2,2.0,418.56
2025-07-15,Tuesday,Dinner,False,75,1574.59,4,4.0,1255.69
2025-07-16,Wednesday,Lunch,False,49,976.83,2,2.0,418.56
2025-07-16,Wednesday,Dinner,False,78,1648.85,4,4.0,1255.69
2025-07-17,Thursday,Lunch,False,69,1499.14,3,3.0,595.18
2025-07-17,Thursday,Dinner,False,126,2458.49,5,6.0,1635.54
2025-07-18,Friday,Lunch,False,56,1203.82,2,3.0,495.18
2025-07-18,Friday,Dinner,False,109,2463.28,5,5.0,1520.62
2025-07-19,Saturday,Lunch,True,73,1395.01,3,3.0,660.51
2025-07-19,Saturday,Dinner,True,138,2514.79,5,7.0,1750.46
2025-07-20,Sunday,Lunch,True,52,948.15,2,2.0,483.9
2025-07-20,Sunday,Dinner,True,88,1748.1,4,6.0,1485.54
2025-07-21,Monday,Lunch,False,29,693.94,1,1.0,241.95
2025-07-21,Monday,Dinner,False,77,1641.68,4,4.0,1255.69
2025-07-22,Tuesday,Lunch,False,37,874.27,1,2.0,318.56
2025-07-22,Tuesday,Dinner,False,74,1456.32,4,4.0,1255.69
2025-07-23,Wednesday,Lunch,False,60,1250.95,2,3.0,495.18
2025-07-23,Wednesday,Dinner,False,106,1709.43,5,5.0,1520.62
2025-07-24,Thursday,Lunch,False,55,1044.21,2,2.0,418.56
2025-07-24,Thursday,Dinner,False,101,2105.93,4,5.0,1370.62
2025-07-25,Friday,Lunch,False,79,1909.21,4,3.0,695.18
2025-07-25,Friday,Dinner,False,148,2993.01,5,7.0,1750.46
2025-07-26,Saturday,Lunch,True,94,1987.17,4,4.0,837.13
2025-07-26,Saturday,Dinner,True,141,2566.09,5,7.0,1750.46
2025-07-27,Sunday,Lunch,True,85,1625.75,4,3.0,760.51
2025-07-27,Sunday,Dinner,True,119,2597.42,5,7.0,1750.46
2025-07-28,Monday,Lunch,False,34,840.72,1,2.0,318.56
2025-07-28,Monday,Dinner,False,68,1421.9,3,4.0,1105.69
2025-07-29,Tuesday,Lunch,False,39,665.99,1,2.0,318.56
2025-07-29,Tuesday,Dinner,False,100,1947.43,4,5.0,1370.62
2025-07-30,Wednesday,Lunch,False,45,883.4,2,2.0,418.56
2025-07-30,Wednesday,Dinner,False,109,1813.17,5,5.0,1520.62
2025-07-31,Thursday,Lunch,False,66,1133.03,2,3.0,495.18
2025-07-31,Thursday,Dinner,False,135,2619.17,5,6.0,1635.54
2025-08-01,Friday,Lunch,False,56,1132.15,2,3.0,495.18
2025-08-01,Friday,Dinner,False,86,1473.05,4,5.0,1370.62
2025-08-02,Saturday,Lunch,True,102,2418.08,4,4.0,837.13
2025-08-02,Saturday,Dinner,True,169,3214.32,5,8.0,1865.38
2025-08-03,Sunday,Lunch,True,63,1385.9,2,3.0,560.51
2025-08-03,Sunday,Dinner,True,176,3159.67,5,8.0,1865.38
2025-08-04,Monday,Lunch,False,47,825.4,2,2.0,418.56
2025-08-04,Monday,Dinner,False,76,2080.37,4,4.0,1255.69
2025-08-05,Tuesday,Lunch,False,67,1230.9,2,3.0,495.18
2025-08-05,Tuesday,Dinner,False,9999,1891.94,5,5.0,1520.62
2025-08-06,Wednesday,Lunch,False,60,1023.12,2,3.0,495.18
2025-08-06,Wednesday,Dinner,False,103,1945.14,4,5.0,1370.62
2025-08-07,Thursday,Lunch,False,53,865.76,2,2.0,418.56
2025-08-07,Thursday,Dinner,True,83,1400.93,4,4.0,1255.69
2025-08-08,Friday,Lunch,False,65,1346.98,2,3.0,495.18
2025-08-08,Friday,Dinner,False,170,3401.35,5,7.0,1750.46
2025-08-09,Saturday,Lunch,1,68,1561.72,3,3.0,660.51
2025-08-09,Saturday,Dinner,True,133,2410.94,5,7.0,1750.46
2025-08-10,Sunday,Lunch,True,63,1135.81,2,3.0,560.51
2025-08-10,Sunday,Dinner,True,101,2148.03,5,6.0,1635.54
2025-08-11,Monday,Lunch,False,40,633.93,1,2.0,318.56
2025-08-11,Monday,Dinner,False,77,1384.94,4,4.0,1255.69
2025-08-12,Tuesday,Lunch,False,46,,2,2.0,418.56
2025-08-12,Tuesday,Dinner,False,78,1455.54,4,4.0,1255.69
2025-08-13,Wednesday,Lunch,False,62,1119.94,2,3.0,495.18
2025-08-13,Wednesday,Dinner,False,105,1966.48,4,5.0,1370.62
2025-08-14,Thursday,Lunch,False,55,946.51,2,2.0,418.56
2025-08-14,Thursday,Dinner,False,88,1573.42,4,5.0,1370.62
2025-08-15,Friday,Lunch,False,71,1292.39,2,3.0,495.18
2025-08-15,Friday,Dinner,False,140,2681.36,5,6.0,1635.54
2025-08-16,Saturday,Lunch,True,73,1485.37,3,3.0,660.51
2025-08-16,Saturday,Dinner,True,170,2933.68,5,8.0,1865.38
2025-08-17,Sunday,Lunch,True,55,1122.14,2,2.0,483.9
2025-08-17,Sunday,Dinner,True,108,1985.12,5,6.0,1635.54
2025-08-18,Monday,Lunch,False,37,706.93,1,2.0,318.56
2025-08-18,Monday,Dinner,False,68,1578.24,3,4.0,1105.69
2025-08-19,Tuesday,Lunch,False,45,942.57,2,2.0,418.56
2025-08-19,Tuesday,Dinner,False,64,1039.67,3,4.0,1105.69
2025-08-20,Wednesday,Lunch,False,53,1061.4,2,2.0,418.56
2025-08-20,Wednesday,Dinner,False,106,2147.74,5,5.0,1520.62
2025-08-21,Thursday,Lunch,False,70,1375.22,2,3.0,495.18
2025-08-21,Thursday,Dinner,False,111,1830.44,5,5.0,1520.62
2025-08-22,Friday,Lunch,False,73,1542.82,3,3.0,595.18
2025-08-22,Friday,Dinner,False,136,2384.48,5,6.0,1635.54
2025-08-23,Saturday,Lunch,True,87,1737.87,4,4.0,837.13
2025-08-23,Saturday,Dinner,True,149,3040.03,5,8.0,1865.38
2025-08-24,Sunday,Lunch,True,77,1456.94,4,3.0,760.51
2025-08-24,Sunday,Dinner,True,138,3010.47,5,7.0,1750.46
2025-08-25,Monday,Lunch,False,35,718.36,1,2.0,318.56
2025-08-25,Monday,Dinner,False,74,1502.4,4,4.0,1255.69
2025-08-26,Tuesday,Lunch,False,42,931.23,1,2.0,318.56
2025-08-26,Tuesday,Dinner,False,88,1478.62,4,5.0,1370.62
2025-08-27,Wednesday,DINNER,False,46,1110.26,2,2.0,418.56
2025-08-27,Wednesday,Dinner,False,77,1530.16,4,4.0,1255.69
2025-08-28,Thursday,Lunch,False,66,1080.82,2,3.0,495.18
2025-08-28,Thursday,Dinner,False,105,1997.11,4,5.0,1370.62
2025-08-29,Friday,Lunch,False,93,2017.21,4,4.0,771.79
2025-08-29,Friday,Dinner,False,134,2345.14,5,6.0,1635.54
2025-08-30,Saturday,Lunch,True,101,2183.55,4,4.0,837.13
2025-08-30,Saturday,Dinner,True,151,3090.8,5,8.0,1865.38
2025-08-31,Sunday,Lunch,True,59,1210.27,2,3.0,560.51
2025-08-31,Sunday,Dinner,True,84,1685.2,4,5.0,1370.62
2025-09-01,Monday,Lunch,False,51,840.04,2,2.0,418.56
2025-09-01,Monday,Dinner,False,87,1924.19,4,5.0,1370.62
2025-09-02,Tuesday,Lunch,False,37,807.19,1,2.0,318.56
2025-09-02,Tuesday,Dinner,False,76,1217.29,4,4.0,1255.69
2025-09-03,Wednesday,Lunch,False,52,912.0,2,2.0,418.56
2025-09-03,Wednesday,Dinner,False,67,1496.48,3,4.0,1105.69
2025-09-04,Thursday,Lunch,False,47,1032.75,2,2.0,418.56
2025-09-04,Thursday,Dinner,False,82,1432.19,4,4.0,1255.69
2025-09-05,Friday,Lunch,False,62,1043.39,2,3.0,495.18
2025-09-05,Friday,Dinner,False,141,2707.09,5,6.0,1635.54
2025-09-06,Saturday,Lunch,True,59,1053.47,2,3.0,560.51
2025-09-06,Saturday,Dinner,True,121,2359.89,5,7.0,1750.46
2025-09-07,Sunday,Lunch,True,39,776.03,1,2.0,383.9
2025-09-07,Sunday,Dinner,True,86,1513.55,4,6.0,1485.54
2025-09-08,Monday,Lunch,no,33,501.76,1,2.0,318.56
2025-09-08,Monday,Dinner,False,72,1295.94,4,4.0,1255.69
2025-09-09,Tuesday,Lunch,False,26,552.01,1,1.0,241.95
2025-09-09,Tuesday,Dinner,False,65,1375.07,3,4.0,1105.69
2025-09-10,Wednesday,Lunch,False,56,1114.96,2,3.0,495.18
2025-09-10,Wednesday,Dinner,False,90,1859.28,4,5.0,1370.62
2025-09-11,Thursday,Lunch,False,35,583.44,1,2.0,318.56
2025-09-11,Thursday,Dinner,False,59,1199.07,3,4.0,1105.69
2025-09-12,Friday,Lunch,False,65,1456.73,3,3.0,595.18
2025-09-12,Friday,Dinner,False,135,2468.95,5,6.0,1635.54
2025-09-13,Saturday,Lunch,True,61,1007.37,2,3.0,560.51
2025-09-13,Saturday,Dinner,True,119,2547.48,5,7.0,1750.46
2025-09-14,Sunday,Lunch,True,48,1026.17,2,2.0,483.9
2025-09-14,Sunday,Dinner,True,84,1755.27,4,5.0,1370.62
2025-09-15,Monday,Lunch,False,41,710.66,1,2.0,318.56
2025-09-15,Monday,Dinner,False,56,887.83,3,4.0,1105.69
2025-09-16,Tuesday,Lunch,False,38,725.72,1,2.0,318.56
2025-09-16,Tuesday,Dinner,False,70,1335.68,3,4.0,1105.69
2025-09-17,Wednesday,Lunch,False,46,936.63,2,2.0,418.56
2025-09-17,Wednesday,Dinner,False,82,1442.42,4,4.0,1255.69
2025-09-18,Thursday,Lunch,False,35,558.56,1,2.0,318.56
2025-09-18,Thursday,Dinner,False,63,891.88,3,4.0,1105.69
2025-09-19,Friday,Lunch,False,75,1208.42,3,3.0,595.18
2025-09-19,Friday,Dinner,False,89,1890.37,4,5.0,1370.62
2025-09-20,Saturday,Lunch,True,86,1852.68,4,4.0,837.13
2025-09-20,Saturday,Dinner,True,139,2873.45,5,7.0,1750.46
2025-09-21,Sunday,Lunch,True,17,345.71,1,1.0,307.28
2025-09-21,Sunday,Dinner,True,56,1040.56,3,5.0,1220.62
2025-09-22,Monday,Lunch,False,41,816.9,1,2.0,318.56
2025-09-22,Monday,Dinner,False,65,1295.55,3,4.0,1105.69
2025-09-23,Tuesday,Lunch,False,38,898.17,1,2.0,318.56
2025-09-23,Tuesday,Dinner,False,87,1628.65,4,5.0,1370.62
2025-09-24,Wednesday,Lunch,False,53,1058.91,2,2.0,418.56
2025-09-24,Wednesday,Dinner,False,69,1563.37,3,4.0,1105.69
2025-09-25,Thursday,Lunch,False,49,843.87,2,2.0,418.56
2025-09-25,Thursday,Dinner,False,90,1614.18,4,5.0,1370.62
2025-09-26,Friday,Lunch,False,72,1461.19,3,3.0,595.18
2025-09-26,Friday,Dinner,False,120,2481.18,5,6.0,1635.54
2025-09-27,Saturday,Lunch,True,59,1313.82,2,3.0,560.51
2025-02-30,Saturday,Dinner,True,133,2577.87,5,7.0,1750.46
2025-09-28,Sunday,Lunch,True,44,864.13,2,2.0,483.9
2025-09-28,Sunday,Dinner,True,76,1396.86,4,5.0,1370.62
2025-09-29,Monday,Lunch,False,37,820.98,1,2.0,318.56
2025-09-29,Monday,Dinner,False,55,1182.24,3,3.0,990.77
2025-09-30,Tuesday,Lunch,False,46,811.8,2,2.0,418.56
2025-09-30,Tuesday,Dinner,False,64,1004.82,3,4.0,1105.69
2025-10-01,Wednesday,Lunch,False,52,1141.9,2,2.0,418.56
2025-10-01,Wednesday,Dinner,False,83,1641.27,4,4.0,1255.69
2025-10-02,Thursday,Lunch,False,46,876.29,2,2.0,418.56
2025-10-02,Thursday,Dinner,False,101,1755.12,4,5.0,1370.62
2025-10-03,Friday,Lunch,False,74,1400.64,3,3.0,595.18
2025-10-03,Friday,Dinner,False,104,1751.2,4,5.0,1370.62
2025-10-04,Saturday,Lunch,True,73,1206.75,2,3.0,560.51
2025-10-04,Saturday,Dinner,True,131,2709.11,5,7.0,1750.46
2025-10-05,Sunday,Lunch,True,42,890.74,1,2.0,383.9
2025-10-05,Sunday,Dinner,True,75,1578.54,4,5.0,1370.62
2025-10-06,Monday,Lunch,False,30,542.63,1,1.0,241.95
2025-10-06,Monday,Dinner,False,57,921.73,3,4.0,1105.69
2025-10-07,Tuesday,Lunch,False,24,407.02,1,1.0,241.95
2025-10-07,Tuesday,Dinner,False,86,1705.29,4,5.0,1370.62
2025-10-08,Wednesday,Lunch,False,52,1156.25,2,2.0,418.56
2025-10-08,Wednesday,Dinner,False,66,1220.3,3,4.0,1105.69
2025-10-09,Thursday,Lunch,False,56,985.26,2,3.0,495.18
2025-10-09,Thursday,Dinner,False,107,1744.57,5,5.0,1520.62
2025-10-10,Friday,Lunch,False,76,1319.01,4,3.0,695.18
2025-10-10,Friday,Dinner,False,129,2533.1,5,6.0,1635.54
2025-10-11,Saturday,Lunch,True,69,1158.6,2,3.0,560.51
2025-10-11,Saturday,Dinner,True,115,2398.24,5,6.0,1635.54
2025-10-12,Sunday,Lunch,True,38,699.89,1,2.0,383.9
2025-10-12,Sunday,Dinner,True,82,1551.42,4,5.0,1370.62
2025-10-13,Monday,Lunch,False,34,734.99,1,2.0,318.56
2025-10-13,Monday,Dinner,False,74,1402.1,4,4.0,1255.69
2025-10-14,Tuesday,Lunch,False,57,1288.09,2,3.0,495.18
2025-10-14,Tuesday,Dinner,False,80,1613.79,4,4.0,1255.69
2025-10-15,Wednesday,Lunch,False,40,749.98,1,2.0,318.56
2025-10-15,Wednesday,Dinner,False,100,1997.91,4,5.0,1370.62
2025-10-16,Thursday,Lunch,False,54,1063.92,2,2.0,418.56
2025-10-16,Thursday,Dinner,False,85,1779.53,4,4.0,1255.69
2025-10-17,Friday,Lunch,False,64,1130.04,2,3.0,495.18
2025-10-17,Friday,Dinner,False,101,1914.66,4,5.0,1370.62
2025-10-18,Saturday,Lunch,True,52,1182.45,2,2.0,483.9
2025-10-18,Saturday,Dinner,True,111,1970.41,5,6.0,1635.54
2025-10-19,Sunday,Lunch,True,42,830.78,1,2.0,383.9
2025-10-19,Sunday,Dinner,True,63,1123.48,3,5.0,1220.62
2025-10-20,Monday,Lunch,False,33,625.08,1,2.0,318.56
2025-10-20,Monday,Dinner,False,64,1327.55,3,4.0,1105.69
2025-10-21,Tuesday,Lunch,False,31,569.49,1,2.0,318.56
2025-10-21,Tuesday,Dinner,False,71,1247.35,4,4.0,1255.69
2025-10-22,Wednesday,Lunch,False,51,982.05,2,2.0,418.56
2025-10-22,Wednesday,Dinner,False,84,1586.74,4,4.0,1255.69
2025-10-23,Thursday,Lunch,False,34,805.26,1,2.0,318.56
2025-10-23,Thursday,Dinner,False,76,1336.68,4,4.0,1255.69
2025-10-24,Friday,Lunch,False,51,965.12,2,2.0,418.56
2025-10-24,Friday,Dinner,False,105,1951.59,5,5.0,1520.62
2025-10-25,Saturday,Lunch,True,71,1715.14,3,3.0,660.51
2025-10-25,Saturday,Dinner,True,143,2670.57,5,7.0,1750.46
2025-10-26,Sunday,Lunch,True,62,1209.32,3,3.0,660.51
2025-10-26,Sunday,Dinner,True,94,1572.13,4,6.0,1485.54
2025-10-27,Monday,Lunch,0,71,1345.79,3,3.0,595.18
2025-10-27,Monday,Dinner,False,72,1341.1,4,4.0,1255.69
2025-10-28,Tuesday,Lunch,False,37,644.56,1,2.0,318.56
2025-10-28,Tuesday,dinner,False,57,1106.96,3,4.0,1105.69
2025-10-29,Wednesday,Lunch,False,48,701.88,2,2.0,418.56
2025-10-29,Wednesday,Dinner,False,51,774.56,3,3.0,990.77
2025-10-30,Thursday,Lunch,False,66,1262.18,2,3.0,495.18
2025-10-30,Thursday,Dinner,False,97,1905.48,4,5.0,1370.62
2025-10-31,Friday,Lunch,False,90,1403.03,4,4.0,771.79
2025-10-31,Friday,Dinner,False,98,1988.94,4,5.0,1370.62
2025-11-01,Saturday,Lunch,True,91,1741.83,4,4.0,837.13
2025-11-01,Saturday,Dinner,True,130,2628.09,5,7.0,1750.46
2025-11-02,Sunday,Lunch,True,69,1134.03,2,3.0,560.51
2025-11-02,Sunday,Dinner,True,111,2214.02,5,6.0,1635.54
2025-11-03,Monday,Lunch,False,31,660.99,1,2.0,318.56
2025-11-03,Monday,Dinner,False,73,1311.0,4,4.0,1255.69
2025-11-04,Tuesday,Lunch,False,32,636.47,1,2.0,318.56
2025-11-04,Tuesday,Dinner,False,77,1625.35,4,4.0,1255.69
2025-11-05,Wednesday,Lunch,False,51,998.13,2,2.0,418.56
2025-11-05,Wednesday,Dinner,False,80,1736.83,4,4.0,1255.69
2025-11-06,Thursday,Lunch,False,58,1028.78,2,3.0,495.18
2025-11-06,Thursday,Dinner,False,93,1884.5,4,5.0,1370.62
2025-11-07,Friday,Lunch,False,78,1568.58,4,3.0,695.18
2025-11-07,Friday,Dinner,False,139,2884.76,5,6.0,1635.54
2025-11-08,Saturday,Lunch,True,83,1435.75,4,3.0,760.51
2025-11-08,Saturday,Dinner,True,114,2050.37,5,6.0,1635.54
2025-11-09,Sunday,Lunch,True,55,816.47,2,2.0,483.9
2025-11-09,Sunday,Dinner,True,74,1514.64,4,5.0,1370.62
2025-11-10,Monday,Lunch,False,34,657.84,1,2.0,318.56
,Monday,Dinner,False,69,1448.02,3,4.0,1105.69
2025-11-11,Tuesday,Lunch,False,33,712.75,1,2.0,318.56
2025-11-11,Tuesday,Dinner,False,69,1471.13,3,4.0,1105.69
2025-11-12,Wednesday,Lunch,False,29,754.51,1,1.0,241.95
2025-11-12,Wednesday,Dinner,False,74,1220.35,4,4.0,1255.69
2025-11-13,Thursday,Lunch,False,66,1304.39,3,3.0,595.18
2025-11-13,Thursday,Dinner,False,107,2113.37,5,5.0,1520.62
2025-11-14,Friday,Lunch,False,74,1241.04,3,3.0,595.18
2025-11-14,Friday,Dinner,False,116,2012.05,5,6.0,1635.54
2025-11-15,Saturday,Lunch,True,107,2038.56,4,4.0,837.13
2025-11-15,Saturday,Dinner,True,157,3170.85,5,8.0,1865.38
2025-11-16,Sunday,Lunch,True,34,707.35,1,2.0,383.9
2025-11-16,Sunday,Dinner,True,73,1485.51,4,5.0,1370.62
2025-11-17,Monday,Lunch,False,32,612.69,1,2.0,318.56
2025-11-17,Monday,Dinner,False,60,1316.69,3,4.0,1105.69
2025-11-18,Tuesday,Lunch,False,25,483.32,1,1.0,241.95
2025-11-18,Tuesday,Dinner,False,100,1877.29,4,5.0,1370.62
2025-11-19,Wednesday,Lunch,False,43,593.37,2,2.0,418.56
2025-11-19,Wednesday,Dinner,False,83,1580.67,4,4.0,1255.69
2025-11-20,Thursday,Lunch,False,73,1249.43,3,3.0,595.18
2025-11-20,Thursday,Dinner,False,128,2539.53,5,6.0,1635.54
2025-11-21,Friday,Lunch,False,64,1537.63,3,3.0,595.18
2025-11-21,Friday,Dinner,False,100,1757.03,4,5.0,1370.62
2025-11-22,Saturday,Lunch,True,100,1702.88,4,4.0,837.13
2025-11-22,Saturday,Dinner,True,143,2412.02,5,7.0,1750.46
2025-11-23,Sunday,Lunch,True,45,920.84,2,2.0,483.9
2025-11-23,Sunday,Dinner,True,112,2077.03,5,6.0,1635.54
2025-11-24,Monday,Lunch,False,51,966.57,2,2.0,418.56
2025-11-24,Monday,Dinner,False,73,1257.59,4,4.0,1255.69
2025-11-25,Tuesday,Lunch,False,34,481.45,1,2.0,318.56
2025-11-25,Tuesday,Dinner,False,76,1197.84,4,4.0,1255.69
2025-11-26,Wednesday,Lunch,False,52,791.92,2,2.0,418.56
2025-11-26,Wednesday,Dinner,False,85,1743.09,4,4.0,1255.69
2025-11-27,Thursday,Lunch,False,73,1440.16,3,3.0,595.18
2025-11-27,Thursday,Dinner,False,121,2092.82,5,6.0,1635.54
2025-11-28,Friday,Lunch,False,93,1493.4,4,4.0,771.79
2025-11-28,Friday,Dinner,False,126,2668.0,5,6.0,1635.54
2025-11-29,Saturday,Lunch,True,60,1037.05,2,3.0,560.51
2025-11-29,Saturday,Dinner,True,129,2352.67,5,7.0,1750.46
2025-11-30,Sunday,Lunch,True,68,1370.76,3,3.0,660.51
2025-11-30,Sunday,Dinner,True,94,1705.84,4,6.0,1485.54
2025-12-01,Monday,Lunch,False,40,607.14,1,2.0,318.56
2025-12-01,Monday,Dinner,False,89,1667.46,4,5.0,1370.62
2025-12-02,Tuesday,Lunch,False,61,1415.19,3,3.0,595.18
2025-12-02,Tuesday,Dinner,False,142,2861.82,5,6.0,1635.54
2025-12-03,Wednesday,Lunch,False,49,955.66,2,2.0,418.56
2025-12-03,Wednesday,Dinner,False,101,2119.93,5,5.0,1520.62
2025-12-04,Thursday,Lunch,False,52,772.74,2,2.0,418.56
2025-12-04,Thursday,Dinner,False,92,1649.19,4,5.0,1370.62
2025-12-05,Friday,Lunch,False,95,1712.74,4,4.0,771.79
2025-12-05,Friday,Dinner,False,139,2755.97,5,6.0,1635.54
2025-12-06,Saturday,Lunch,True,67,1343.97,3,3.0,660.51
2025-12-06,Saturday,Dinner,True,145,2399.94,5,7.0,1750.46
2025-12-07,Sunday,Lunch,True,60,907.15,2,3.0,560.51
2025-12-07,Sunday,Dinner,True,88,2351.58,4,6.0,1485.54
2025-12-08,Monday,Lunch,False,48,1101.72,2,2.0,418.56
2025-12-08,Monday,Dinner,False,88,1373.86,4,5.0,1370.62
2025-12-09,Tuesday,Lunch,False,67,1083.45,2,3.0,495.18
2025-12-09,Tuesday,Dinner,False,92,1857.16,4,5.0,1370.62
2025-12-10,Wednesday,Lunch,False,72,1621.55,3,3.0,595.18
2025-12-10,Wednesday,Dinner,False,124,2224.43,5,6.0,1635.54
2025-12-11,Thursday,Lunch,False,42,752.32,1,2.0,318.56
2025-12-11,Thursday,Dinner,False,84,1524.24,4,4.0,1255.69
2025-12-12,Friday,Lunch,False,81,1480.66,4,3.0,695.18
2025-12-12,Friday,Dinner,False,190,3176.86,5,7.0,1750.46
2025-12-13,Saturday,Lunch,True,79,1465.72,4,3.0,760.51
2025-12-13,Saturday,Dinner,True,140,2832.74,5,7.0,1750.46
2025-12-14,Sunday,Lunch,True,70,1138.43,2,3.0,560.51
2025-12-14,Sunday,Dinner,True,99,1824.53,4,6.0,1485.54
2025-12-15,Monday,Lunch,False,47,671.43,2,2.0,418.56
2025-12-15,Monday,Dinner,False,100,2003.39,4,5.0,1370.62
2025-12-16,Tuesday,Lunch,False,42,613.57,1,2.0,318.56
2025-12-16,Tuesday,Dinner,False,-10,,4,4.0,1255.69
2025-12-17,Wednesday,Lunch,False,54,1015.98,2,2.0,418.56
2025-12-17,Wednesday,Dinner,False,86,1824.68,4,5.0,1370.62
2025-12-18,Thursday,Lunch,False,47,749.66,2,2.0,418.56
2025-12-18,Thursday,Dinner,False,75,1340.52,4,4.0,1255.69
2025-12-19,Friday,DINNER,False,90,1606.83,4,4.0,771.79
2025-12-19,Friday,Dinner,False,119,2186.57,5,6.0,1635.54
2025-12-20,Saturday,Lunch,True,88,1673.98,4,4.0,837.13
2025-12-20,Saturday,Dinner,True,190,3210.97,5,8.0,1865.38
2025-12-21,Sunday,Lunch,True,53,914.17,2,2.0,483.9
2025-12-21,Sunday,Dinner,True,126,2580.12,5,7.0,1750.46
2025-12-22,Monday,Lunch,False,38,655.74,1,2.0,318.56
2025-12-22,Monday,Dinner,False,54,1243.79,3,3.0,990.77
2025-12-23,Tuesday,Lunch,False,38,733.71,1,2.0,318.56
2025-12-23,Tuesday,Dinner,False,88,1992.11,4,5.0,1370.62
2025-12-24,Wednesday,Lunch,False,123,2145.28,4,4.0,771.79
2025-12-24,Wednesday,Dinner,False,196,3345.25,5,7.0,1750.46
2025-12-25,Thursday,Lunch,False,103,1714.42,4,4.0,771.79
2025-12-25,Thursday,Dinner,False,143,2943.24,5,6.0,1635.54
2025-12-26,Friday,Lunch,False,106,1711.73,4,4.0,771.79
2025-12-26,Friday,Dinner,False,214,3695.69,5,7.0,1750.46
2025-12-27,Saturday,Lunch,True,83,1430.41,4,3.0,760.51
2025-12-27,Saturday,Dinner,True,136,2445.06,5,7.0,1750.46
2025-12-28,Sunday,Lunch,True,52,1003.68,2,2.0,483.9
2025-12-28,Sunday,Dinner,True,129,2037.61,5,7.0,1750.46
2025-12-29,Monday,Lunch,False,71,1445.62,3,3.0,595.18
2025-12-29,Monday,Dinner,False,101,1855.11,4,5.0,1370.62
2025-12-30,Tuesday,Lunch,False,50,965.3,2,2.0,418.56
2025-12-30,Tuesday,Dinner,False,82,1676.27,4,4.0,1255.69
2025-12-31,Wednesday,Lunch,False,83,1633.62,4,3.0,695.18
2025-12-31,Wednesday,Dinner,False,214,3673.87,5,7.0,1750.46
2024-12-19,Thursday,Lunch,False,58,1441.33,3,3.0,595.18
2025-04-30,Wednesday,Lunch,False,38,994.49,1,2.0,318.56
2024-04-16,Tuesday,Lunch,False,29,505.43,1,1.0,241.95
2023-09-24,Sunday,Lunch,True,53,1186.83,2,2.0,483.9
2024-07-28,Sunday,Lunch,True,70,1376.68,3,3.0,660.51
2025-11-24,Monday,Dinner,False,73,1257.59,4,4.0,1255.69
2023-12-26,Tuesday,Dinner,False,110,2112.5,5,5.0,1520.62
2025-09-04,Thursday,Dinner,False,82,1432.19,4,4.0,1255.69
